Square_Footage,Bedrooms,Bathrooms,Age,Garage_Spaces,Lot_Size,Floors,Neighborhood_Rating,Condition,School_Rating,Has_Pool,Renovated,Location_Type,Distance_To_Center_KM,Days_On_Market,Price,Sold_Within_Week
3974,6,2,12,0,11043,2,1,4,1,0,1,Suburban,10.4,6,795000,1
4307,2,2.5,44,3,9493,1,5,6,6,1,0,Suburban,3.45,1,1024000,1
1660,4,3,31,2,6103,2,5,5,9,1,1,Suburban,43.81,136,700000,0
2094,4,2.5,33,2,4076,2,6,1,3,0,0,Urban,4.7,5,672000,1
1930,3,1.5,44,1,7231,1,8,6,3,0,0,Suburban,13.09,48,638000,0
1895,3,2,18,2,4994,1,10,1,2,1,0,Downtown,35.07,5,705000,1
3892,4,3.5,37,0,5744,1,1,3,4,1,0,Suburban,21.06,144,782000,0
2438,4,3,15,3,12948,2,4,10,10,1,0,Suburban,43.94,6,924000,1
2969,4,2.5,1,2,7594,2,10,5,3,1,0,Downtown,15.6,85,1016000,0
1266,5,2,39,1,9531,2,1,10,2,0,0,Rural,1.58,5,471000,1
2038,4,2,16,2,9371,1,9,5,1,0,0,Suburban,15.73,3,715000,1
1130,6,2.5,33,2,3644,2,7,10,3,0,1,Suburban,29.33,2,633000,1
2282,4,3,41,2,14563,2,7,6,10,0,0,Downtown,19.42,6,855000,1
2935,4,2.5,15,1,5144,1,5,10,6,0,1,Downtown,27.21,37,867000,0
4244,4,3,37,1,2242,2,7,8,9,0,0,Downtown,43.95,169,1060000,0
3971,2,3,1,1,6085,3,2,5,5,0,0,Suburban,45.71,1,964000,1
3719,4,1.5,1,1,9954,1,4,1,3,1,1,Suburban,14.03,,928000,1
930,3,2,25,3,9269,2,7,5,5,0,0,Urban,23.64,3,513000,1
2485,3,1.5,12,0,9130,1,3,3,5,0,0,Suburban,27.91,2,648000,1
4180,5,1.5,46,2,8828,2,2,4,5,0,1,Downtown,47.51,2,758000,1
1569,3,3,30,1,10362,1,10,8,7,0,0,Rural,49.93,5,619000,1
3191,3,2,33,2,10844,3,2,7,5,1,1,Suburban,12.53,68,878000,0
2315,4,2,38,2,8331,2,1,5,7,0,0,Suburban,36.62,1,610000,1
4285,4,1.5,2,3,5512,2,5,2,9,1,0,Suburban,19.52,30,935000,0
3653,3,2,7,1,3499,2,6,6,5,0,0,Suburban,1.4,6,887000,1
3233,4,1.5,22,2,12291,2,6,6,2,0,0,Suburban,1.45,37,832000,0
2015,4,1.5,13,2,4158,2,9,10,5,0,1,Suburban,23.57,74,783000,0
1755,2,2.5,26,0,12164,2,4,10,8,0,1,Urban,24.93,2,705000,1
3124,1,2,28,1,14117,3,1,6,4,1,0,Suburban,2.11,6,804000,1
1984,4,2.5,38,2,7162,2,6,9,2,0,0,Urban,34.66,128,656000,0
1259,3,1,38,2,12450,3,5,8,10,1,1,Downtown,15.41,2,634000,1
4185,3,1.5,0,2,6039,2,10,8,3,0,0,Suburban,28.43,2,966000,1
821,4,2,16,1,4035,2,6,1,9,1,0,Downtown,15.75,69,576000,0
3100,3,2.5,40,2,13463,2,3,5,9,0,0,Urban,9.19,64,853000,0
1547,3,2.5,29,2,9977,1,2,7,8,1,0,Urban,20.95,7,526000,1
3704,3,2,12,2,2857,1,6,6,8,0,1,Suburban,12.38,109,1037000,0
4432,4,2,20,3,5823,1,1,5,8,0,1,Rural,27.21,4,958000,1
1274,3,2.5,18,2,8770,2,7,8,8,0,0,Suburban,10.74,66,642000,0
1882,4,1,18,2,,1,7,3,8,1,0,Urban,25.91,53,748000,0
3358,2,2,24,1,14182,2,10,6,1,0,0,Urban,8.71,113,881000,0
2847,4,3,21,2,2298,3,7,5,6,0,0,Suburban,33.88,7,799000,1
4347,3,2.5,30,1,9244,1,10,8,9,1,0,Urban,37.94,2,1176000,1
3547,5,2,16,2,2923,2,1,4,8,0,1,Suburban,6.41,7,802000,1
1775,3,3.5,22,2,6232,1,4,8,3,0,0,Suburban,23.92,6,626000,1
2606,6,3,31,3,6306,1,7,10,1,0,0,Urban,4.47,177,1015000,0
989,4,2,9,1,4799,2,9,2,2,0,0,Urban,30.31,36,484000,0
3805,3,2.5,9,2,8578,2,5,9,2,1,0,Urban,13.96,4,831000,1
3534,4,2.5,35,2,6875,2,2,9,7,1,0,Downtown,26.85,1,701000,1
3805,3,2,7,1,7326,1,7,10,6,0,1,Suburban,26.36,80,1012000,0
1362,3,2,19,1,14254,2,10,10,,1,0,Downtown,46.29,150,673000,0
2699,1,2,31,1,8582,1,1,6,8,0,1,Urban,27.91,11,639000,0
4438,3,2.5,49,1,14237,1,7,4,9,0,0,Rural,29.57,6,1044000,1
2067,3,2,13,1,3802,1,6,4,7,0,0,Urban,20.68,27,536000,0
3679,3,3,49,1,12905,1,7,6,4,0,0,Suburban,47.5,120,719000,0
2328,5,2.5,27,1,14698,1,10,5,1,0,0,Rural,39.08,30,815000,0
4002,2,1,45,2,13045,1,3,6,4,1,0,Rural,14.98,5,894000,1
4356,3,2.5,23,2,4657,3,3,7,4,1,0,Rural,42.37,7,930000,1
1446,3,2,14,3,14714,1,7,7,8,0,1,Rural,22.19,1,609000,1
2868,2,2.5,21,2,5346,1,2,9,4,0,1,Urban,41.6,2,734000,1
3688,3,2.5,29,2,11663,1,1,8,4,1,0,Suburban,41.32,52,934000,0
3014,4,1.5,3,3,4949,2,9,6,2,1,0,Suburban,10.25,4,993000,1
2097,3,2,12,2,2941,1,9,6,10,1,0,Rural,35.36,4,732000,1
3235,2,1.5,22,2,3907,2,7,5,7,0,0,Urban,15.24,142,859000,0
1400,3,1,7,2,6837,3,7,1,4,1,0,Downtown,15.58,2,528000,1
3163,1,2,17,1,10105,1,3,9,6,0,1,Suburban,15.52,4,886000,1
2861,5,2,11,1,3243,2,10,9,3,0,0,Suburban,36.55,6,913000,1
1041,2,4,30,2,7696,1,2,9,,0,0,Urban,12.26,28,384000,0
2841,4,2,13,2,14615,2,7,8,6,0,0,Suburban,1.04,133,908000,0
3624,6,2,33,0,3466,2,9,10,3,0,0,Suburban,36.05,96,1013000,0
4217,3,2.5,17,3,5957,1,1,3,4,0,1,Suburban,9.39,24,865000,0
3412,5,1,33,2,3966,1,4,1,10,0,0,Downtown,6.12,63,786000,0
3745,3,3.5,10,2,2375,2,6,8,5,1,0,Suburban,12.64,,885000,1
2163,4,2.5,40,3,2262,2,7,7,9,0,1,Suburban,19.62,2,828000,1
2939,3,3,11,2,6362,1,10,5,6,0,0,Rural,24.32,1,856000,1
2190,4,1.5,48,,8502,2,7,10,4,0,1,Suburban,3.18,5,628000,1
3803,2,2,14,2,13580,2,10,7,7,1,0,Suburban,48.56,5,1063000,1
2278,2,2,30,1,13587,2,2,10,2,0,0,Urban,36.09,1,657000,1
4299,2,3,48,2,12136,1,4,4,4,0,1,Suburban,16.84,132,903000,0
3356,4,1,28,2,9833,2,5,9,,0,0,Suburban,16.62,,1046000,0
1575,4,2,25,2,3893,2,1,10,4,1,0,Rural,22.98,142,564000,0
834,4,4,17,3,10106,1,1,2,4,1,0,Suburban,31.69,6,427000,1
3053,1,2,31,2,13826,2,10,9,9,0,0,Urban,8.17,2,981000,1
3952,5,2,21,2,3652,2,3,9,2,0,1,Suburban,10.26,3,943000,1
2755,3,1.5,37,3,7540,3,10,5,6,1,1,Urban,43.11,6,909000,1
2385,3,4,16,2,14333,1,3,1,8,0,1,Suburban,13.56,62,697000,0
4259,2,1,22,2,5892,2,8,7,8,0,1,Suburban,19.63,71,1150000,0
3873,4,2.5,23,3,2599,1,9,10,7,0,0,Suburban,43.69,103,962000,0
1821,2,3,49,1,6815,3,1,10,10,0,0,Rural,33.49,175,479000,0
4261,4,1.5,7,2,3912,1,2,4,4,0,0,Suburban,17.74,6,786000,1
3413,4,2.5,40,3,11484,3,10,9,7,0,0,Suburban,34.5,137,1284000,0
1929,2,1,5,2,10792,3,2,6,10,0,0,Urban,1.96,1,685000,1
2300,3,2,4,2,10572,1,4,3,6,1,1,Suburban,37.05,57,744000,0
1502,3,3,43,2,6213,2,2,6,6,0,0,Rural,24.86,118,426000,0
3249,3,3,28,2,5637,3,7,10,2,1,0,Urban,40.85,144,982000,0
3577,3,2.5,27,3,12355,1,9,6,8,0,0,Suburban,47.78,106,997000,0
2379,3,2,10,1,14547,2,7,5,8,0,1,Suburban,46.36,6,823000,1
961,4,1.5,0,1,11290,2,6,2,7,0,1,Urban,45.55,3,486000,1
1001,3,1,42,1,7599,1,10,10,9,1,1,Urban,26.1,6,689000,1
2781,4,1.5,18,2,8448,1,1,10,8,1,0,Urban,18.65,37,738000,0
1795,4,1.5,8,2,10557,1,10,2,9,0,1,Downtown,23.79,1,731000,1
3117,4,2,26,2,12762,1,9,7,9,1,0,Suburban,34.8,31,1072000,0
1615,4,2,33,2,13611,2,5,2,6,0,1,Suburban,44.32,,502000,0
4142,4,2,43,2,9382,1,5,6,2,1,0,Rural,11.14,113,1022000,0
1255,3,1.5,3,0,12668,2,6,5,7,1,0,Urban,45.99,2,625000,1
4333,3,2,35,2,10982,2,9,4,3,1,0,Suburban,40.94,164,980000,0
2075,5,3,17,2,5569,1,8,7,7,0,1,Urban,48.96,1,722000,1
1816,4,2,14,0,9707,2,8,8,9,0,0,Urban,44.13,5,706000,1
3143,3,3.5,50,1,2746,2,8,4,,0,1,Rural,14.72,7,907000,1
3567,3,3,12,1,10504,3,1,1,10,0,0,Urban,6.19,1,812000,1
1137,3,1.5,18,0,6633,1,1,1,2,0,0,Rural,6.5,4,312000,1
1678,5,3,48,2,2920,1,8,1,6,0,0,Suburban,15.27,140,709000,0
1876,1,2.5,5,1,11269,3,5,1,,0,0,Urban,31.1,1,562000,1
1591,3,2.5,47,2,9008,3,9,5,9,0,0,Suburban,40.41,4,563000,1
3064,3,2,11,2,13021,2,2,4,9,0,0,Suburban,45.06,6,827000,1
1563,3,2,50,2,4381,2,9,9,5,0,1,Suburban,31.56,2,787000,1
3035,5,2,36,3,5618,1,8,3,5,1,0,Urban,1.28,119,943000,0
1179,2,2,16,2,10989,2,9,7,9,0,1,Urban,10.13,175,640000,0
1292,4,2.5,22,2,6443,1,4,8,8,0,0,Downtown,5.89,53,569000,0
3912,2,2.5,25,3,2272,1,1,6,7,1,1,Suburban,18.8,2,784000,1
1980,4,2,28,1,13202,2,1,10,8,0,0,Urban,25.57,19,658000,0
2862,2,2.5,32,3,3773,1,5,1,6,0,0,Rural,3.13,1,618000,1
864,1,1.5,26,0,4547,2,2,8,3,0,0,Urban,18.08,71,303000,0
3368,4,1.5,24,2,5164,3,8,10,7,0,0,Urban,9.78,15,903000,0
2167,6,3,9,0,6780,1,10,3,8,1,1,Urban,32.71,16,874000,0
1952,5,2,46,2,14909,3,5,8,8,0,0,Suburban,23.75,6,701000,1
2827,4,1,22,2,2946,3,5,4,1,0,0,Urban,25.27,85,723000,0
3495,5,1.5,20,2,12857,2,2,8,7,0,1,Suburban,21.96,148,918000,0
2295,1,1.5,20,1,2506,1,7,1,3,0,0,Rural,47.84,9,501000,0
3934,6,3.5,42,1,8719,1,8,3,2,1,1,Urban,11.52,6,1102000,1
1962,3,2.5,12,0,10435,2,10,6,2,0,0,Suburban,26.32,138,730000,0
2322,4,3.5,36,1,10697,1,1,9,8,0,1,Suburban,37.06,141,592000,0
3440,4,2.5,32,3,14709,1,2,2,9,0,0,Suburban,28.29,94,1004000,0
1191,4,2,23,1,13350,3,10,1,3,0,0,Downtown,46.52,12,626000,0
2498,3,2,43,2,8360,1,4,10,3,0,0,Suburban,19.52,4,670000,1
1218,3,2.5,10,2,9657,2,5,3,6,1,1,Urban,23.72,6,691000,1
3136,4,1.5,16,1,5590,1,2,4,10,1,0,Suburban,5.34,178,932000,0
1178,3,3,3,2,12064,2,1,5,1,1,0,Urban,30.84,154,464000,0
2596,6,3,46,0,13985,3,9,3,6,1,1,Suburban,15.12,21,946000,0
4361,4,2,24,1,3192,1,1,10,3,0,1,Urban,8.86,156,832000,0
3078,2,3.5,29,0,14617,1,4,2,4,0,1,Urban,27.68,5,722000,1
3865,4,3,8,2,14937,2,2,2,9,1,1,Suburban,27.08,50,969000,0
2888,3,2.5,20,2,3464,2,4,7,3,1,0,Urban,4.72,35,804000,0
3899,4,1.5,19,2,2390,2,8,9,1,1,0,Suburban,35.21,156,1048000,0
2982,4,2,18,2,7615,1,8,10,3,0,1,Urban,31.56,171,971000,0
1000,2,2,18,1,14668,1,9,2,7,0,1,Downtown,10.26,1,620000,1
2663,3,1.5,11,2,,3,5,7,7,1,0,Urban,24,7,757000,1
1579,5,1,36,2,8106,3,7,7,5,1,0,Downtown,36.3,24,615000,0
3777,3,3,41,0,10864,2,3,7,1,1,1,Suburban,26.94,2,814000,1
3904,4,1.5,16,1,4560,2,10,3,8,0,0,Rural,20.38,90,1007000,0
3919,3,2.5,36,2,,2,4,7,10,0,0,Urban,16.79,52,1051000,0
1302,3,3.5,47,1,3211,2,10,1,8,0,0,Suburban,30.91,2,505000,1
3254,3,3,38,2,11121,1,9,10,10,1,0,Suburban,47.02,146,979000,0
4445,3,2,27,1,3539,2,10,1,10,0,1,Suburban,33.92,4,1204000,1
2551,3,3,40,1,11104,2,10,5,10,0,0,Suburban,4.66,7,858000,1
1604,4,1,34,1,2643,1,1,2,2,1,1,Suburban,23.57,3,431000,1
2946,2,1,46,1,14714,2,2,9,10,0,0,Suburban,44.65,2,704000,1
3531,2,2.5,47,2,10693,2,5,7,3,1,0,Urban,5.63,6,914000,1
2695,1,2,17,2,10921,2,3,4,4,0,1,Urban,49.45,166,655000,0
3573,2,2,13,2,3283,2,2,4,1,1,0,Suburban,47.5,119,792000,0
2370,3,2.5,34,3,9680,3,1,2,4,0,0,Urban,4.84,42,512000,0
1760,4,1.5,43,2,12310,1,10,5,5,1,0,Urban,46.74,7,696000,1
3460,4,1.5,40,2,9345,2,3,4,3,1,0,Urban,18.79,107,833000,0
2285,2,2,6,1,14744,2,1,1,10,0,0,Urban,42.39,3,615000,1
3490,5,3,40,2,6386,2,1,8,2,0,1,Suburban,21.5,2,926000,1
1828,4,2.5,12,2,14028,1,1,3,6,0,1,Suburban,22.6,,559000,1
4089,3,2,17,1,2919,1,8,6,8,0,1,Downtown,32.08,96,1181000,0
1302,5,2,36,2,14242,2,3,4,7,1,0,Suburban,38.95,22,512000,0
3614,6,1.5,12,1,4339,2,1,9,,0,0,Downtown,2.66,172,934000,0
1197,3,1,35,2,10947,2,7,7,4,0,0,Suburban,30.06,4,601000,1
1670,3,3,30,3,7930,2,10,9,3,0,0,Downtown,10.15,157,700000,0
3642,5,2,1,3,7402,2,3,10,6,1,0,Rural,17.95,5,1042000,1
1192,4,1.5,15,2,7663,2,8,3,9,1,0,Suburban,18.05,1,658000,1
1006,1,2.5,8,2,12061,2,4,1,9,0,1,Suburban,23.98,4,534000,1
1838,4,2.5,8,2,14664,1,4,5,7,0,0,Urban,17.37,1,656000,1
2681,4,2.5,37,2,7275,2,5,3,9,0,0,Urban,6.26,105,740000,0
4425,4,1.5,10,1,2507,2,6,6,8,0,1,Downtown,8.14,97,1234000,0
3739,4,1.5,21,2,3436,1,7,8,5,0,0,Downtown,2.64,,962000,1
2284,4,1.5,32,2,12767,1,4,4,9,0,1,Suburban,24.04,101,768000,0
4446,2,1.5,35,3,13618,1,8,5,7,0,1,Rural,47.77,7,1069000,1
1663,3,2.5,44,2,10750,3,6,5,5,0,1,Downtown,6.67,101,771000,0
3590,4,3,22,2,,1,1,4,8,0,0,Suburban,47.37,5,732000,1
4112,5,2.5,44,2,13294,2,1,4,7,0,1,Suburban,36.93,1,851000,1
1363,3,3,44,2,6516,2,9,4,9,0,0,Suburban,32.24,159,722000,0
1820,4,2,33,2,5622,2,10,4,10,1,1,Suburban,32.62,3,772000,1
895,4,2.5,8,1,6399,2,6,4,1,1,0,Urban,41.51,7,564000,1
2723,3,2,23,2,7037,1,10,5,9,0,0,Suburban,6.24,5,979000,1
2557,4,2,7,2,14249,2,8,2,7,0,0,Suburban,25.73,108,835000,0
3332,5,2,6,2,10111,2,7,2,1,1,0,Suburban,35.16,176,748000,0
4278,4,1.5,35,1,5715,2,6,9,1,1,1,Rural,29.75,82,1027000,0
3078,3,2,17,2,9837,1,4,2,5,0,1,Suburban,41.81,45,765000,0
3596,3,3.5,2,2,3301,2,7,6,8,0,1,Urban,4.54,90,1155000,0
2478,4,1.5,27,0,9370,2,9,2,9,0,0,Rural,34.84,6,890000,1
4042,3,1.5,5,2,7185,2,10,5,6,0,1,Suburban,27.17,2,1042000,1
1340,3,2,43,2,4155,2,10,4,10,0,0,Urban,19.58,63,699000,0
1859,3,3,43,2,8411,2,7,7,8,0,1,Suburban,17.67,3,785000,1
3372,2,2.5,20,3,8365,3,1,7,6,0,1,Suburban,31.42,1,913000,1
1983,3,2.5,27,2,2692,2,10,6,6,0,0,Downtown,44.66,159,765000,0
2522,3,1.5,39,2,14542,2,9,10,4,0,1,Suburban,25.31,6,715000,1
4114,3,2.5,0,2,3478,1,4,5,5,0,0,Urban,41.41,80,899000,0
3957,3,2,35,1,8396,1,3,1,2,0,0,Suburban,20.71,3,679000,1
2619,4,3,20,1,10448,1,4,3,3,0,0,Rural,6.02,,680000,0
3425,4,2.5,42,2,12622,1,4,9,3,0,0,Suburban,4.01,80,954000,0
3529,2,1.5,34,1,2441,1,10,1,5,1,1,Rural,3.52,7,964000,1
3404,5,1,12,2,12073,2,2,5,5,0,0,Urban,19.63,1,926000,1
2397,3,1,48,3,4646,1,1,2,6,1,0,Rural,17.52,70,572000,0
3860,4,2,9,2,7209,2,10,4,5,1,0,Rural,36.18,26,944000,0
3493,4,2,43,2,14012,1,1,1,6,0,1,Suburban,37.4,120,557000,0
1595,6,2.5,46,3,8533,1,8,3,8,0,1,Suburban,3.49,70,739000,0
1851,4,2,9,2,6677,1,2,10,2,0,1,Rural,11.84,5,607000,1
2443,4,2,45,2,9211,1,10,7,4,1,1,Suburban,14.44,1,800000,1
4427,4,1.5,12,1,11927,2,5,10,6,1,0,Rural,27.83,169,924000,0
2163,2,1.5,36,2,13927,2,4,3,5,1,0,Suburban,8.08,152,607000,0
2781,3,3,37,2,4645,1,8,4,1,0,0,Urban,7.56,1,747000,1
2154,4,1.5,23,2,10210,2,2,2,9,0,0,Suburban,47.25,88,621000,0
2463,3,2.5,1,2,11316,2,10,3,3,0,1,Suburban,40.41,6,879000,1
2329,4,3,21,0,14177,2,9,9,2,0,0,Suburban,9.85,72,970000,0
2838,2,2.5,16,2,12846,2,7,3,9,0,1,Suburban,20.92,3,791000,1
4219,3,3,35,2,9933,2,7,5,7,0,0,Suburban,18.43,64,1136000,0
2296,3,2,13,2,7476,2,1,2,5,1,0,Rural,39.76,145,584000,0
4102,3,3.5,9,3,9928,2,2,4,6,0,0,Urban,26,44,1006000,0
3037,4,1.5,34,2,4080,1,4,7,,0,1,Suburban,7.26,5,749000,1
4096,3,1.5,24,3,8089,2,4,7,1,0,1,Rural,37.21,76,1044000,0
2208,3,2.5,2,3,9396,3,3,3,4,1,1,Suburban,20.45,4,758000,1
2200,3,3.5,46,2,11739,2,7,5,9,1,0,Suburban,13.88,4,741000,1
2106,3,3,37,2,9797,2,8,1,1,0,1,Suburban,19.4,171,688000,0
3480,4,1,16,0,2861,2,2,10,10,0,0,Suburban,25.39,,799000,0
3475,1,2,11,2,10346,1,4,10,3,0,0,Urban,17.81,1,899000,1
1772,4,3.5,23,2,5494,2,3,10,5,1,1,Suburban,12.85,5,616000,1
2568,4,2,28,1,2904,2,2,1,7,0,0,Downtown,20.53,22,585000,0
2082,4,3,42,1,3269,2,6,5,9,0,1,Suburban,1.94,151,740000,0
4230,4,3,24,3,2404,2,4,10,6,0,0,Urban,38.85,84,1009000,0
1509,4,2,35,3,11035,2,6,9,3,0,0,Rural,9.38,2,746000,1
2279,6,2,25,2,11974,1,2,1,7,1,1,Suburban,3.15,4,766000,1
2234,3,2,37,2,11756,2,4,1,4,0,0,Urban,33.03,3,586000,1
1448,3,1.5,0,0,3184,2,6,4,3,0,1,Rural,38.92,7,543000,1
1117,3,3,19,0,10938,2,5,4,,0,0,Urban,40.88,11,499000,0
4096,3,2,27,1,3725,1,3,2,7,0,1,Downtown,25.18,50,887000,0
2057,4,3,15,,13380,2,8,9,4,1,0,Suburban,11.06,2,674000,1
1483,5,1.5,46,0,10462,2,7,9,7,0,0,Suburban,37.12,128,594000,0
1463,2,4,16,3,7811,2,3,2,2,1,0,Suburban,35.29,4,437000,1
2798,2,2,39,2,7606,3,6,9,1,1,0,Urban,13.07,145,911000,0
4245,3,1,27,1,5956,3,4,6,2,0,1,Suburban,45.27,110,903000,0
2431,4,1,11,1,2171,1,5,8,4,0,0,Downtown,6.11,14,683000,0
2295,4,2.5,26,2,10465,1,5,10,8,0,0,Rural,49.15,171,809000,0
4104,2,2.5,41,0,4306,3,7,4,3,1,0,Suburban,43.15,170,950000,0
1936,5,3,46,3,11350,3,5,2,10,0,0,Downtown,34.71,174,607000,0
2653,4,1.5,29,2,11898,1,3,2,6,0,1,Urban,47,3,668000,1
2320,1,1,40,2,11963,1,10,9,,0,1,Urban,36.39,3,784000,1
3289,4,2,33,1,2421,1,5,1,9,1,0,Urban,10.33,3,666000,1
1363,4,2,36,0,7540,3,7,7,9,0,1,Suburban,22.67,7,597000,1
2091,3,2,5,2,11401,1,5,3,4,0,0,Rural,4.5,103,657000,0
4381,2,4,6,2,6675,2,5,3,9,0,0,Suburban,20.09,3,1025000,1
4257,2,4,31,2,11082,2,9,2,6,0,1,Downtown,37.34,97,921000,0
4258,2,3.5,31,1,13459,1,3,10,2,1,0,Suburban,19.94,33,1085000,0
3984,4,3,24,2,8748,2,6,6,10,0,1,Suburban,17.18,43,1063000,0
2436,5,2,32,2,8103,1,1,10,6,1,1,Urban,30.17,178,722000,0
4496,2,2,6,3,3473,2,10,2,2,0,0,Downtown,43.74,133,1112000,0
3799,3,2,11,1,,1,5,10,8,0,1,Urban,3.33,6,920000,1
3952,2,3,15,1,14670,2,8,4,4,0,1,Suburban,19.89,4,1089000,1
1498,2,1,15,2,4181,2,5,10,5,0,0,Suburban,8.75,,570000,1
2960,4,2,42,2,11641,1,9,9,8,0,1,Urban,35.07,7,867000,1
801,3,1,35,2,5096,1,6,9,8,0,0,Suburban,6.18,104,532000,0
1441,3,2,12,2,8646,2,8,6,6,0,1,Urban,33.58,2,787000,1
3067,3,3,6,2,13448,1,10,4,4,0,1,Downtown,15.02,4,1063000,1
2389,4,3,35,3,13348,2,8,7,1,0,0,Suburban,10.75,2,902000,1
1654,3,1.5,46,2,11782,2,3,1,7,1,0,Suburban,46.88,6,474000,1
2559,4,4,50,3,7882,2,7,4,8,0,1,Suburban,1.91,2,717000,1
4096,3,2.5,8,2,14431,2,7,5,9,0,0,Suburban,22.45,2,1257000,1
3232,4,1,31,,7982,2,10,8,2,0,0,Downtown,2.06,1,1186000,1
4274,4,2,10,2,14173,2,6,2,1,1,0,Urban,24.7,29,1200000,0
2461,2,2,7,1,7798,2,7,5,4,1,0,Urban,25.55,2,742000,1
1953,3,1,32,3,11627,1,2,6,5,0,0,Urban,16.76,1,503000,1
1876,5,3.5,22,1,10415,1,9,5,10,1,0,Rural,7.48,85,746000,0
2507,5,2,24,3,10411,2,10,9,1,0,0,Downtown,19.44,147,756000,0
3577,3,3,7,2,14466,2,10,10,5,0,1,Suburban,33.94,121,1123000,0
2495,3,2,44,0,11846,2,1,1,6,1,0,Suburban,39.34,75,633000,0
2533,5,1.5,21,2,14720,1,1,3,3,1,0,Urban,27.01,6,648000,1
2239,4,2,3,3,10456,2,3,2,7,0,0,Urban,29.9,132,699000,0
3094,1,1.5,39,0,11145,1,3,3,6,1,0,Suburban,10.83,3,781000,1
1635,5,2,2,2,6524,1,1,10,4,0,0,Urban,15.08,6,548000,1
4310,3,3.5,28,2,13925,2,7,9,3,1,0,Suburban,8.93,62,1380000,0
1002,4,2,40,2,8559,1,4,9,5,0,0,Suburban,13.22,89,586000,0
4055,2,2.5,28,2,9620,2,10,10,3,0,1,Rural,12.02,7,1121000,1
922,1,1.5,33,1,4774,1,2,2,10,0,1,Suburban,26.45,,315000,1
1200,3,1,33,0,7673,2,10,3,9,0,1,Suburban,28.57,109,652000,0
1566,4,1.5,27,2,5124,2,5,4,9,0,1,Suburban,47.3,1,567000,1
1093,3,2.5,12,2,10671,1,6,9,6,0,1,Urban,10.58,4,563000,1
3127,3,1,14,3,13706,1,9,3,6,0,0,Suburban,32.44,6,1037000,1
3731,3,2,22,0,3353,2,4,7,4,0,1,Urban,41.05,114,935000,0
4481,3,2.5,43,2,,2,2,3,4,0,0,Urban,28.45,3,918000,1
997,6,2,25,,14070,2,5,7,2,0,1,Suburban,13.5,3,484000,1
3829,3,1.5,3,1,11081,1,3,7,10,0,1,Rural,13.86,4,846000,1
2730,4,2,25,2,5854,2,2,9,4,1,0,Urban,2.92,32,767000,0
4382,5,3.5,39,2,10134,2,1,2,8,1,0,Urban,15.97,82,916000,0
3599,3,2.5,8,2,2924,2,10,6,10,1,0,Urban,37.49,2,1038000,1
2991,2,2,4,3,4170,2,2,9,2,0,1,Suburban,3.33,130,871000,0
1408,3,1,31,,12094,1,6,2,9,1,1,Suburban,11.75,62,679000,0
4072,3,4,19,3,7506,1,8,2,1,0,1,Urban,35.61,6,1149000,1
1947,3,2.5,49,,4395,2,3,5,2,0,0,Rural,39.35,46,457000,0
986,3,2,10,2,10220,3,9,10,2,0,1,Rural,23.31,90,662000,0
4197,4,3,14,2,10226,1,9,10,6,1,0,Suburban,35.21,41,1273000,0
3311,3,2,31,2,13781,2,2,10,7,0,1,Suburban,20.01,1,913000,1
4220,3,2,27,0,7515,1,8,8,3,0,0,Suburban,8.84,176,1164000,0
2594,4,2.5,21,,4670,1,10,9,9,0,0,Suburban,20.51,157,956000,0
1459,3,1.5,40,0,5365,1,5,2,5,1,0,Suburban,29.42,1,538000,1
3611,4,4,16,2,2588,1,4,5,5,0,1,Urban,47.45,7,913000,1
3802,4,2.5,25,2,13410,2,10,7,4,0,1,Suburban,4.37,176,1258000,0
2755,3,2.5,43,0,5138,2,5,6,9,0,0,Suburban,25.86,7,688000,1
3250,4,1.5,6,1,11095,1,4,6,8,0,0,Urban,17.12,5,855000,1
2169,3,1,41,3,8663,1,8,7,4,0,1,Urban,25.91,3,813000,1
2786,3,2,25,2,6086,2,4,3,4,0,0,Urban,2.17,144,824000,0
2334,3,3,24,1,12361,1,10,3,2,1,1,Downtown,16.34,2,898000,1
946,3,2,9,2,10531,2,6,10,9,0,0,Urban,41.17,3,596000,1
4019,4,2,44,2,6270,1,2,9,3,0,0,Rural,28.14,171,959000,0
3711,2,2.5,18,2,8019,2,5,8,4,0,1,Suburban,23.08,17,737000,0
2534,3,1.5,10,3,11906,1,6,5,7,0,1,Rural,14.99,5,715000,1
2643,2,2.5,12,2,14884,1,5,6,10,0,0,Suburban,15.6,3,873000,1
1288,4,1,7,1,14738,1,2,10,8,0,0,Downtown,19.77,174,558000,0
3776,3,3.5,39,2,2556,1,7,1,8,0,1,Urban,41.94,2,954000,1
2759,5,2,3,3,10022,2,4,10,4,1,0,Suburban,48.39,5,873000,1
2463,3,1.5,46,,13279,2,8,1,7,0,1,Urban,22.49,150,796000,0
3398,4,2,30,1,7452,1,7,4,10,0,0,Suburban,20.27,13,823000,0
3185,6,2,27,1,13458,1,7,2,1,1,0,Suburban,42.48,80,897000,0
3719,4,3,10,2,5567,2,9,7,6,0,1,Suburban,21.92,170,1196000,0
1440,5,2.5,42,2,12248,2,1,2,6,1,1,Suburban,28.05,1,583000,1
2602,3,2.5,0,2,5899,3,10,10,6,0,0,Urban,12.32,4,1160000,1
3320,4,1.5,48,3,8477,2,6,2,2,0,1,Suburban,37.43,26,835000,0
2769,3,1.5,46,2,9500,2,6,5,8,1,0,Suburban,27.07,69,821000,0
2998,2,1,37,1,3016,2,6,4,5,0,0,Urban,40.64,78,585000,0
2238,3,2.5,23,1,8470,3,6,8,5,0,1,Downtown,39.26,145,705000,0
4169,4,3,46,2,4062,2,10,4,2,1,1,Downtown,11.54,32,1081000,0
2434,3,2,30,1,11030,1,7,6,4,0,1,Rural,36.07,7,818000,1
1062,4,1.5,40,2,11829,1,10,5,9,0,0,Rural,40.2,134,585000,0
2587,5,2.5,45,3,6321,1,6,2,9,0,0,Urban,17.96,1,816000,1
2991,4,3,49,1,5496,2,1,8,6,1,0,Downtown,9.46,160,727000,0
3193,4,2.5,25,2,3813,2,3,2,9,1,0,Suburban,1.13,2,807000,1
1423,4,3,48,2,13671,2,2,9,4,0,1,Urban,23.09,118,569000,0
1816,6,2,49,2,8256,1,6,9,1,0,0,Rural,18.27,6,614000,1
4443,4,1.5,4,1,11643,2,8,3,2,1,1,Urban,28.19,83,1081000,0
1680,4,3,19,2,4313,2,3,4,1,0,0,Suburban,10.21,77,435000,0
2849,6,2.5,40,0,11706,1,10,8,8,0,0,Urban,43.12,145,889000,0
3744,5,2,10,3,3231,2,8,9,9,1,0,Suburban,13.63,73,1081000,0
2127,2,2.5,32,0,11837,2,8,3,10,1,0,Suburban,12.1,127,714000,0
3101,3,3,49,2,7831,2,5,5,6,1,0,Suburban,24.55,4,849000,1
1252,3,2.5,37,,4999,2,8,8,2,0,1,Urban,25.44,7,643000,1
3908,2,2.5,26,3,5440,2,6,3,6,0,0,Suburban,11.54,146,963000,0
1983,4,2,33,1,6056,2,5,7,9,0,1,Suburban,14.32,1,764000,1
3862,4,2,14,1,2305,2,9,8,3,0,0,Urban,9.32,3,1082000,1
2856,4,2,31,0,13728,2,7,10,9,0,1,Downtown,36.2,6,879000,1
4104,2,3,20,1,11915,1,8,3,2,1,0,Suburban,38.73,55,943000,0
3970,5,3,45,1,3689,2,1,2,5,0,1,Rural,23.65,122,824000,0
2482,4,3,4,2,11709,1,2,10,2,1,0,Urban,35.99,94,783000,0
3663,4,1,5,,5917,1,8,7,7,0,1,Suburban,37.06,14,1137000,0
3055,5,2.5,37,0,9080,2,9,9,10,0,1,Urban,7.78,84,1120000,0
1954,4,3,21,2,10611,2,4,1,9,0,0,Suburban,48.34,152,581000,0
1203,3,2.5,17,1,,2,10,3,7,0,0,Urban,41.23,7,593000,1
2999,4,3,13,1,5862,1,10,5,,0,0,Suburban,11.02,161,981000,0
2901,3,3,9,1,14421,1,9,3,4,1,1,Suburban,10.12,3,1053000,1
3991,1,2,45,3,11642,1,4,1,4,1,0,Urban,7.16,2,955000,1
2496,4,2,12,1,13288,1,10,7,10,0,0,Suburban,7.78,157,928000,0
1427,3,1.5,30,3,7649,2,10,7,8,0,0,Downtown,37.66,148,618000,0
1386,4,2,29,2,5261,1,10,10,10,1,0,Urban,24.01,132,694000,0
2448,3,2.5,2,0,11356,2,9,8,10,0,1,Suburban,39.36,19,926000,0
2243,5,3,29,3,12061,1,7,5,10,0,0,Suburban,37.57,5,834000,1
2245,3,1.5,5,1,3819,3,2,10,10,0,1,Suburban,30.63,7,628000,1
903,6,1.5,28,0,12897,1,9,5,10,1,1,Rural,34.63,168,669000,0
1053,4,2.5,7,2,13707,1,4,5,1,0,0,Downtown,1.9,126,550000,0
4098,2,1,43,2,3342,1,8,1,5,0,1,Suburban,16.28,149,821000,0
3983,4,1.5,44,2,7560,2,7,10,2,1,0,Suburban,32.25,118,1123000,0
3357,6,1,42,1,4226,2,7,5,9,0,1,Suburban,1.46,2,904000,1
2296,3,1.5,43,2,3079,2,8,6,7,0,0,Suburban,2.62,4,835000,1
898,2,1.5,32,2,6206,2,1,1,10,0,1,Suburban,42.74,4,320000,1
3000,3,2,16,1,8280,1,5,7,8,1,0,Downtown,34.52,122,746000,0
2684,3,2,47,1,14755,2,2,1,6,0,0,Rural,14,46,591000,0
3761,4,3,10,0,12971,2,2,2,9,1,0,Urban,34.71,8,874000,0
2719,4,2,12,1,12720,1,1,2,6,0,0,Urban,39.83,3,601000,1
1677,3,2.5,49,3,9235,1,5,5,7,0,1,Downtown,16.03,2,606000,1
1137,3,1.5,10,2,,1,2,10,7,1,0,Urban,2.77,,543000,1
3669,4,1.5,30,3,7089,1,4,7,9,0,1,Suburban,46.71,6,903000,1
4034,3,2.5,27,1,4031,2,3,1,8,0,0,Urban,17.91,4,835000,1
1756,2,1,43,2,10514,1,3,10,1,0,1,Urban,6.22,5,460000,1
2504,5,2,5,1,13161,1,2,1,4,0,0,Urban,25.1,2,660000,1
960,4,2.5,40,1,11095,1,6,1,7,0,0,Suburban,38.65,78,438000,0
2403,4,2.5,15,1,11733,3,2,6,,0,0,Urban,11.86,144,829000,0
3648,4,1,3,1,7911,2,8,2,7,0,1,Suburban,14.21,106,902000,0
1197,3,2,34,2,13695,1,8,1,3,1,0,Suburban,12.89,4,473000,1
2100,4,2.5,47,3,4653,1,5,6,4,0,1,Suburban,49.59,5,669000,1
1615,3,1.5,25,2,12668,1,10,2,7,1,1,Suburban,10.67,94,793000,0
2327,2,2.5,11,1,5340,2,7,6,8,0,0,Suburban,29.2,161,665000,0
2719,3,2.5,10,0,9876,1,4,10,7,0,1,Suburban,46.34,2,654000,1
2215,3,4,36,1,14435,2,1,8,6,0,0,Suburban,8.2,7,736000,1
1958,4,1.5,24,2,3141,2,2,2,9,0,0,Suburban,48.57,3,588000,1
2018,2,3,17,2,11041,2,10,9,9,0,1,Downtown,47.43,81,648000,0
1200,2,2,18,3,10558,1,10,8,7,1,1,Suburban,44.34,72,707000,0
1439,3,2,22,0,4897,2,4,10,8,1,1,Suburban,11.51,76,728000,0
3904,3,1.5,37,2,11281,2,1,1,6,1,0,Suburban,32.07,1,767000,1
3535,4,2.5,17,2,6041,1,8,7,1,0,0,Suburban,38.28,6,875000,1
1259,3,1.5,25,2,,1,9,10,1,1,0,Urban,49.32,65,591000,0
1754,4,2,5,2,13052,1,4,6,6,0,1,Suburban,9.84,4,611000,1
1269,3,1,3,2,6270,1,10,6,2,0,0,Rural,38.54,98,512000,0
4246,4,3,43,2,12046,1,3,6,8,1,1,Suburban,17.6,2,1138000,1
1845,4,3,50,1,6683,2,2,6,1,0,0,Rural,9.61,125,399000,0
3597,3,2.5,28,2,2494,2,5,10,2,0,0,Suburban,21.65,64,896000,0
2493,4,2,33,1,9116,3,3,7,8,0,0,Suburban,39.9,93,749000,0
2885,3,1.5,16,2,13374,1,10,3,6,0,0,Downtown,23.78,25,768000,0
3077,3,2.5,42,2,3784,3,7,6,10,1,0,Suburban,27.34,23,817000,0
4236,6,2,42,2,5510,1,6,3,2,0,1,Rural,49.76,2,1060000,1
1362,2,1.5,15,3,5786,2,1,7,2,1,1,Rural,20.56,7,531000,1
3285,2,2.5,1,3,7266,1,8,7,7,0,0,Downtown,31.15,180,898000,0
2599,4,4,33,2,14322,1,2,8,5,0,0,Urban,18.9,87,813000,0
4154,2,2.5,7,2,11190,2,5,2,5,0,0,Urban,20.25,5,1080000,1
2874,4,2.5,12,2,7428,1,9,9,8,0,1,Rural,35.09,5,995000,1
1025,3,3.5,41,2,8681,2,8,5,7,0,0,Suburban,46.96,166,502000,0
4148,5,1.5,7,3,8893,2,2,9,9,1,1,Suburban,27.58,7,1044000,1
1597,4,2.5,29,2,14661,2,9,10,4,1,0,Urban,38.65,80,805000,0
4480,4,4,31,3,11643,2,5,5,10,1,0,Urban,5.37,1,1144000,1
3131,5,1.5,35,3,11943,2,10,7,4,1,1,Suburban,11.35,3,1166000,1
3726,3,2.5,46,,12472,1,6,9,2,1,0,Urban,25.6,6,803000,1
1759,6,2.5,29,1,14992,2,3,4,3,0,0,Urban,1.98,91,512000,0
2304,2,2.5,0,1,6658,2,3,2,1,1,0,Urban,13.39,2,625000,1
1252,3,2.5,42,3,9082,1,10,9,1,0,0,Urban,26.35,,610000,0
3867,3,3.5,38,1,13126,1,8,2,7,0,0,Rural,1.73,123,923000,0
1615,3,3,16,3,8869,2,10,3,5,0,1,Suburban,13.96,97,634000,0
1458,2,1,19,2,13926,2,10,10,3,0,1,Urban,26.19,2,751000,1
4387,4,3,23,2,9607,2,2,2,7,0,0,Urban,29.08,31,930000,0
1346,4,1.5,49,3,9669,1,2,3,2,1,1,Suburban,46.36,4,473000,1
2015,6,2,21,2,13538,2,5,6,3,0,0,Suburban,32.62,5,704000,1
3920,2,2,28,2,12065,1,6,3,1,0,0,Rural,21.32,6,870000,1
4383,4,2,21,2,8219,2,2,10,8,0,0,Rural,46.59,164,1105000,0
816,3,2,43,1,6534,2,5,8,2,0,0,Rural,39.46,171,340000,0
4043,3,3.5,8,2,13995,1,7,6,7,0,0,Suburban,10.8,78,1145000,0
2043,3,2.5,36,,7979,2,10,7,9,0,1,Suburban,7.41,133,693000,0
3005,3,2.5,9,3,12171,3,10,1,6,0,0,Suburban,34.11,152,872000,0
3324,4,1,35,3,10890,2,8,3,2,0,0,Urban,28.43,159,773000,0
1869,4,3.5,36,1,3312,2,7,3,2,1,0,Urban,39.69,126,659000,0
4244,3,3.5,27,2,4962,2,8,2,9,1,1,Urban,37.2,98,1091000,0
3365,2,3,27,2,4938,2,9,7,10,0,1,Suburban,31.64,7,997000,1
2946,2,1,41,1,14979,1,5,9,8,0,0,Urban,49.33,115,678000,0
2568,1,1,42,3,12492,1,5,4,9,0,0,Urban,27.15,5,676000,1
1860,6,1.5,20,0,5197,1,10,5,4,1,0,Suburban,6.54,,701000,1
3127,1,1.5,23,1,7296,2,4,3,4,0,0,Downtown,41.59,2,700000,1
4220,2,2,41,2,9204,2,9,9,2,0,0,Urban,13.34,7,954000,1
3344,3,3.5,39,2,7730,1,5,4,10,1,0,Suburban,39.09,2,980000,1
1101,4,2,1,2,2126,2,2,5,1,0,0,Urban,47.9,5,323000,1
980,6,1,7,2,7602,2,10,1,10,0,0,Downtown,35.14,7,599000,1
1406,4,2,47,2,3191,2,8,2,4,0,0,Urban,30.21,123,621000,0
3970,4,1,26,,4639,1,7,9,10,1,1,Rural,23.56,7,1046000,1
1499,3,1,21,0,14581,2,8,2,10,1,1,Urban,18.86,15,607000,0
1792,2,2,36,1,14108,1,3,5,8,1,0,Rural,18.3,1,593000,1
1939,6,2,26,,3366,1,4,8,,0,0,Urban,32.18,119,554000,0
990,4,3,28,1,11211,3,5,3,8,0,0,Urban,37.81,1,463000,1
3100,4,4,2,2,8453,1,6,6,,1,0,Urban,34.25,62,789000,0
1780,4,2,43,1,8671,1,1,4,1,1,1,Urban,10.72,7,628000,1
3775,4,2,12,1,8683,2,4,7,4,0,0,Rural,25.21,95,880000,0
2806,4,3,44,1,14271,1,10,10,7,1,1,Suburban,39.79,17,798000,0
1984,6,2,9,3,14706,2,5,3,9,0,1,Suburban,24.31,2,913000,1
4127,5,1.5,35,3,6539,1,7,6,5,0,0,Downtown,27.29,41,1077000,0
4194,4,3,8,2,10876,1,5,10,2,0,0,Suburban,38.79,171,946000,0
927,4,1,26,3,13821,1,1,9,7,0,0,Downtown,33.4,68,411000,0
2865,2,2.5,33,2,4887,1,7,10,2,1,0,Urban,21.06,6,880000,1
2616,4,2.5,50,2,11654,2,8,1,9,0,0,Downtown,44.88,6,754000,1
2558,1,2,0,0,6086,2,7,3,9,0,0,Urban,8.97,1,606000,1
3413,4,2,31,2,4261,2,4,2,3,1,1,Suburban,49.78,5,943000,1
1369,6,3,24,2,6180,3,8,8,8,1,0,Suburban,6.82,93,749000,0
2146,4,1,28,2,4841,1,5,7,4,0,0,Suburban,1.73,39,755000,0
2695,3,1.5,6,2,11959,2,10,2,3,0,1,Suburban,44.61,7,978000,1
3533,3,2.5,48,2,14372,2,9,6,,0,1,Suburban,13,90,886000,0
1425,2,2,2,2,8040,3,10,3,5,0,0,Downtown,36.76,4,743000,1
4159,4,1.5,19,,5560,1,5,8,4,1,1,Downtown,40.74,170,970000,0
3701,2,3,19,1,12304,2,1,10,1,1,0,Downtown,43.09,5,674000,1
2486,2,2,29,2,6758,2,9,3,,0,0,Downtown,49.59,4,740000,1
3809,3,3,34,2,2626,1,5,10,8,0,0,Rural,15.41,19,981000,0
954,4,3,34,2,14351,2,6,9,8,0,0,Downtown,35.8,92,570000,0
3337,4,2.5,48,2,13606,1,4,1,8,1,1,Rural,6.65,130,847000,0
2209,2,2,38,0,7014,2,6,5,3,0,1,Suburban,20.93,6,698000,1
1584,3,4,26,2,3375,3,8,3,6,0,1,Rural,42.55,90,666000,0
3975,3,1.5,25,1,3181,2,3,6,7,0,0,Downtown,19.02,,787000,1
4264,4,2.5,13,2,7708,2,5,10,9,0,0,Suburban,29.96,2,1162000,1
1045,4,1.5,16,2,2490,1,2,2,5,0,0,Suburban,25.68,43,370000,0
4047,3,2,17,2,5729,3,2,9,9,0,0,Urban,32.65,61,706000,0
3910,4,2,44,1,7974,2,7,6,6,1,1,Rural,48.67,54,1036000,0
2300,3,3.5,28,2,5534,1,10,7,10,1,1,Downtown,3.73,122,971000,0
2505,5,3.5,19,1,5296,2,10,5,10,1,0,Suburban,29.12,1,928000,1
3606,3,1.5,26,3,3940,2,10,9,10,0,0,Urban,43.29,131,1145000,0
1337,3,1,17,3,14600,1,6,1,4,0,0,Suburban,24.59,6,511000,1
2690,3,2.5,3,3,7014,1,4,5,1,0,0,Suburban,4.85,3,762000,1
2641,4,2,0,2,3882,1,5,10,1,0,0,Suburban,28.47,103,640000,0
1720,4,1,49,2,6908,2,1,6,10,1,0,Suburban,17.27,7,566000,1
3255,3,2.5,0,1,4987,2,7,7,5,0,0,Downtown,8.59,127,1093000,0
1324,4,2,25,1,,2,8,4,3,0,0,Suburban,42.6,108,499000,0
3675,4,4,44,2,5159,2,9,1,5,1,0,Suburban,26.56,5,899000,1
2329,3,1.5,19,2,14967,2,8,8,5,1,0,Downtown,46.73,173,778000,0
3750,3,2,22,3,6530,2,5,10,1,0,1,Suburban,40.49,1,956000,1
835,5,2,9,1,2681,1,3,4,8,0,0,Urban,34.96,39,360000,0
1484,3,3,10,3,7254,2,10,3,5,0,1,Suburban,1.25,6,796000,1
819,3,2,40,2,3073,2,9,7,5,0,0,Suburban,21.96,18,575000,0
3168,6,2.5,40,2,4387,2,6,2,9,0,0,Rural,10.68,155,904000,0
3359,1,1.5,4,1,12586,2,5,8,8,0,0,Downtown,45.63,44,714000,0
1199,2,3,0,0,4693,1,3,6,1,1,0,Suburban,9.55,2,498000,1
3501,3,2,16,2,11562,3,6,7,3,0,1,Urban,15.02,3,1063000,1
1771,5,1.5,21,2,14936,1,3,5,7,0,0,Urban,26.33,2,662000,1
2706,2,2.5,33,1,6340,2,10,9,1,0,1,Suburban,13.9,2,894000,1
3318,1,1.5,44,2,4156,1,6,5,1,0,1,Rural,11.28,1,784000,1
1966,2,1,40,3,9966,3,4,5,5,1,0,Suburban,30.36,5,691000,1
1915,2,3,28,2,4580,1,2,3,9,0,0,Suburban,5.36,5,639000,1
4225,1,2,3,3,9257,1,8,1,6,0,1,Downtown,3.85,95,971000,0
1633,3,2.5,4,1,14583,1,4,2,10,0,0,Downtown,19.24,4,668000,1
2623,4,2,10,1,4159,1,9,8,2,1,1,Urban,36.31,18,860000,0
3574,3,3,50,2,13440,1,7,1,9,0,0,Rural,28.19,165,882000,0
2782,3,1.5,20,2,13923,2,2,7,6,1,0,Suburban,21.72,6,653000,1
1653,2,2,34,0,14021,2,4,5,5,0,0,Urban,28.72,10,498000,0
850,3,4,11,1,8772,1,5,3,5,0,0,Suburban,18.91,5,413000,1
1374,3,3,25,2,3627,1,3,7,3,0,1,Urban,46.87,6,453000,1
4061,4,2,50,1,13664,2,9,9,6,1,0,Urban,3.69,6,1007000,1
1948,1,2,18,1,10219,2,5,2,4,1,1,Suburban,34,6,586000,1
2997,3,3,44,1,9080,2,2,8,10,0,0,Suburban,44.67,6,696000,1
3161,3,2,6,0,3985,2,3,9,2,0,0,Suburban,40.39,1,732000,1
3417,5,3,46,2,14345,1,9,3,3,0,0,Suburban,10.02,96,797000,0
4213,4,3,6,2,11713,1,7,2,9,0,0,Urban,15.5,5,927000,1
3152,4,1,25,2,10488,1,2,7,9,0,0,Suburban,36.14,6,798000,1
2515,3,1.5,39,1,4181,2,9,5,6,1,0,Suburban,5.13,115,741000,0
1481,5,2.5,4,1,13594,3,4,5,10,1,1,Suburban,40.78,159,784000,0
1637,1,1.5,20,2,4296,2,9,10,10,0,0,Downtown,36.23,3,725000,1
1877,2,2,13,2,9164,1,2,5,9,0,0,Suburban,36.75,1,586000,1
3850,3,3.5,3,2,4597,1,10,4,4,1,1,Suburban,5.91,6,1277000,1
3291,2,2.5,22,1,2901,1,4,5,5,1,1,Suburban,36.17,46,765000,0
3460,6,3,41,3,8060,2,5,4,10,0,0,Rural,34.31,5,871000,1
3840,4,2.5,19,1,11290,1,2,6,6,0,0,Rural,41.72,6,919000,1
3111,3,2.5,14,2,3677,3,10,4,9,0,1,Urban,3.04,72,1065000,0
3924,4,1,49,2,4881,1,1,2,5,0,0,Suburban,2.13,69,735000,0
2395,6,2,44,2,7622,3,7,9,8,0,0,Urban,19.28,9,957000,0
3851,5,2,28,1,10052,2,10,2,,0,0,Downtown,8.29,141,983000,0
4491,4,2,7,2,3378,2,1,9,5,0,1,Suburban,28.36,129,994000,0
804,5,3,40,2,3248,2,8,10,10,0,0,Rural,45.95,82,593000,0
1926,6,2,47,1,13927,2,3,6,1,0,1,Suburban,20.18,178,548000,0
2019,4,2,18,1,7650,2,10,9,10,0,0,Suburban,42.4,47,832000,0
1573,2,2,47,1,,2,6,9,6,1,1,Downtown,1.01,7,790000,1
1676,3,1,38,2,8079,2,7,3,7,1,0,Rural,9.26,174,677000,0
1791,4,2,45,0,11456,3,10,1,5,0,0,Urban,2.49,35,687000,0
3731,3,1.5,27,3,12099,2,1,1,1,0,1,Suburban,17.08,5,776000,1
4221,4,1.5,45,2,9036,2,6,3,6,1,0,Suburban,45.5,70,1009000,0
846,2,1,26,3,8487,2,7,5,10,0,0,Suburban,5.75,147,604000,0
3714,1,2,3,3,3058,1,6,3,5,0,0,Suburban,30.71,48,924000,0
3670,3,3,14,2,12941,1,4,9,6,0,0,Suburban,23.12,,914000,0
3783,1,2,34,1,4048,2,1,9,10,0,0,Suburban,46.98,30,799000,0
3503,6,2,36,1,8115,2,9,3,7,0,1,Urban,7,6,1058000,1
1068,4,2.5,0,1,6248,2,4,3,7,1,0,Suburban,11.39,4,487000,1
1169,4,1.5,2,2,4476,2,7,5,2,0,0,Urban,2.45,4,591000,1
1435,4,3,46,1,14208,2,7,2,3,0,0,Urban,22.26,112,439000,0
1929,3,2,23,1,6603,2,2,6,6,1,1,Suburban,14.61,,645000,0
2493,3,2,26,2,13389,1,1,7,3,0,1,Urban,43.63,3,673000,1
2482,4,2.5,39,3,14778,2,8,9,2,0,0,Suburban,30.64,157,906000,0
1456,3,1.5,35,1,,2,8,6,4,0,0,Suburban,31.09,145,545000,0
919,3,2.5,33,0,14632,1,7,3,5,0,1,Suburban,27.06,142,515000,0
1630,3,2,28,,11953,2,8,5,10,0,0,Suburban,5.5,3,783000,1
2610,3,3,23,3,2220,2,3,4,9,0,1,Suburban,22.81,22,837000,0
4475,6,1.5,23,2,6818,1,2,5,3,0,1,Urban,49.98,84,935000,0
1881,5,2,41,1,9192,1,7,8,3,0,1,Rural,41.93,113,677000,0
2774,3,2.5,3,1,6623,3,8,8,6,0,0,Downtown,44.78,97,964000,0
2169,4,1,2,1,9349,1,1,6,5,0,1,Urban,41.34,2,501000,1
1540,4,2,33,1,7618,1,10,1,6,0,1,Suburban,6.05,7,649000,1
4345,1,2.5,48,3,13080,1,9,8,7,0,0,Suburban,12.14,115,1263000,0
916,5,3,22,2,11856,2,4,8,3,0,0,Urban,1.15,6,601000,1
2653,5,2,22,2,,2,4,2,5,1,0,Suburban,15.87,4,787000,1
3638,3,3,44,3,14178,2,3,4,8,0,0,Suburban,6.32,1,760000,1
1950,3,3.5,4,1,6576,1,6,2,4,0,0,Urban,24.17,3,616000,1
4264,3,3,30,2,13169,2,1,4,10,1,0,Downtown,34.18,84,901000,0
2731,3,1.5,40,3,3871,1,6,10,2,0,0,Suburban,43.85,7,753000,1
1812,1,2.5,5,1,9915,1,2,7,4,0,0,Suburban,37.71,7,467000,1
2464,5,2,36,2,3462,2,9,9,2,1,0,Rural,46.99,174,737000,0
1881,1,4,9,1,7521,1,2,8,3,1,1,Urban,3.64,174,492000,0
1433,3,2,39,1,10536,2,7,9,4,0,1,Suburban,1.6,7,733000,1
1312,5,1.5,6,,10236,3,1,8,4,0,0,Suburban,33.41,37,481000,0
3649,4,2.5,38,2,9813,1,7,2,10,0,0,Suburban,15.18,112,959000,0
1919,3,2,37,2,,2,5,7,9,1,0,Suburban,13.42,,680000,1
1941,3,4,20,3,7753,2,8,2,10,0,1,Urban,17.21,160,711000,0
1359,1,4,19,2,9237,3,4,2,6,0,1,Urban,14.22,20,484000,0
4472,4,2.5,2,3,9016,1,10,4,9,1,1,Urban,26.06,135,1150000,0
1287,1,1.5,50,2,8191,2,7,1,4,0,0,Downtown,22.57,177,423000,0
4108,3,2.5,21,1,3514,1,6,5,9,1,1,Urban,26.11,7,1061000,1
1696,6,1,46,2,4598,2,5,6,9,0,0,Urban,33.96,5,555000,1
4143,2,1,3,1,3001,1,4,9,6,0,1,Downtown,19.97,87,1124000,0
2012,5,3,27,2,,2,7,10,5,0,0,Suburban,13.31,5,837000,1
1503,6,1.5,11,3,12232,1,5,8,3,1,1,Suburban,9.14,4,798000,1
2270,2,2,37,1,8899,1,5,2,5,0,0,Urban,18.12,7,578000,1
1380,5,4,50,2,10465,2,1,1,3,0,1,Suburban,37.35,39,494000,0
3637,3,2,35,2,7051,2,2,2,5,0,1,Urban,38.08,156,752000,0
3708,5,2,46,2,12839,2,5,7,5,1,0,Suburban,33.68,1,954000,1
3094,4,3.5,40,1,11971,2,3,4,2,1,0,Downtown,12.47,34,783000,0
3947,4,1.5,4,1,6476,1,2,10,9,0,1,Suburban,29.82,158,1021000,0
953,3,3,12,0,2478,2,4,5,7,0,0,Urban,28.96,2,452000,1
2479,5,4,22,1,2515,2,4,7,6,1,0,Suburban,24.73,3,717000,1
4306,4,3.5,49,0,14478,1,4,3,5,0,0,Suburban,27.95,4,856000,1
1796,3,2.5,29,2,3191,2,4,10,4,0,0,Suburban,25.1,73,632000,0
3957,5,2,36,1,12860,2,3,2,8,0,0,Suburban,28.71,140,946000,0
3544,3,2,24,3,8297,2,7,7,2,1,0,Suburban,36.06,144,918000,0
4156,2,3,47,2,11603,2,9,5,8,0,0,Suburban,6.37,155,908000,0
2043,2,3,26,2,13472,2,5,1,1,0,0,Downtown,37.73,117,564000,0
1892,3,2,50,2,2271,1,4,1,10,0,1,Rural,7.66,1,591000,1
3918,3,1.5,13,2,10334,1,2,9,1,0,1,Urban,4.26,4,1076000,1
1808,5,1.5,47,3,9778,2,2,5,3,0,1,Suburban,48.83,,473000,1
2941,2,1,46,0,8008,1,5,1,5,0,0,Urban,47.89,79,571000,0
2573,4,2.5,35,1,9987,1,7,7,6,0,1,Rural,3.96,105,795000,0
1757,2,2,38,2,,2,10,9,4,0,0,Urban,22.72,80,802000,0
3859,5,3.5,15,0,2787,2,10,1,7,0,0,Suburban,10.13,78,1020000,0
1252,6,2.5,21,0,8222,1,9,10,7,1,1,Rural,24.78,37,685000,0
2027,3,1.5,20,1,11873,2,7,4,2,1,1,Urban,41.68,132,740000,0
3759,5,2.5,20,0,2622,2,5,3,2,1,1,Rural,47.58,23,835000,0
3065,1,2,7,2,5841,1,10,5,2,0,1,Suburban,32.08,140,778000,0
3321,4,2.5,48,1,,2,10,7,2,0,0,Suburban,18.34,2,831000,1
3279,3,2.5,15,3,4572,2,10,8,9,0,0,Suburban,30.56,54,1207000,0
3188,5,3,30,2,8915,2,6,2,5,1,1,Downtown,16.29,108,953000,0
1350,1,3,41,2,7033,2,3,7,8,1,0,Urban,45.58,114,501000,0
2435,4,2,9,2,9788,1,5,1,,1,0,Suburban,43.65,133,688000,0
2112,4,1,31,3,13452,2,8,7,5,0,1,Suburban,28.35,29,835000,0
4125,3,2.5,33,1,7214,1,1,8,1,0,1,Downtown,16.92,90,865000,0
2557,2,1.5,8,3,6712,3,1,2,6,0,0,Suburban,15.38,,654000,1
1156,2,2,16,2,2066,2,7,9,4,0,1,Suburban,2.64,3,615000,1
2870,3,1,10,2,14478,2,5,1,,0,1,Downtown,40.98,65,829000,0
2585,4,2.5,31,2,9533,1,5,6,6,1,1,Rural,23.07,5,811000,1
3369,2,1.5,9,1,6616,1,1,1,2,0,0,Suburban,16.93,169,579000,0
2581,3,2.5,21,2,3140,1,9,3,8,0,0,Urban,24.08,52,748000,0
3971,1,4,16,2,12506,2,1,6,1,0,0,Suburban,41.12,2,657000,1
3649,4,1,3,0,7730,1,5,3,9,1,0,Suburban,7.11,9,1111000,0
4051,2,1,47,2,12724,2,10,8,8,0,0,Suburban,43.03,22,1156000,0
4094,3,2,46,1,13772,1,9,5,1,0,0,Suburban,44.98,172,877000,0
3609,1,3,24,1,9465,3,4,2,10,1,0,Urban,47.39,4,832000,1
3289,3,1.5,20,1,11379,1,8,4,9,0,1,Suburban,20.48,103,880000,0
2431,4,2,36,0,6471,3,6,9,2,0,0,Urban,11.64,2,827000,1
3616,3,1,37,2,14940,3,3,4,3,0,1,Urban,19.31,,732000,1
1815,2,3,48,1,5339,2,4,10,2,0,1,Suburban,17.31,30,578000,0
2148,4,2,0,3,2548,2,2,10,8,1,0,Rural,9.63,4,740000,1
1315,4,3,24,2,9675,2,1,8,2,1,1,Suburban,30.76,5,575000,1
3887,2,3.5,50,1,14279,2,8,5,10,0,0,Urban,24.35,2,997000,1
3639,4,1.5,35,2,10264,1,1,10,2,0,0,Urban,43.42,48,639000,0
1135,5,3,16,3,,1,1,1,1,0,1,Suburban,2.57,4,403000,1
2582,2,1,40,2,13393,2,4,7,7,0,0,Rural,32.55,6,632000,1
3105,4,3,23,0,11973,2,10,3,2,0,1,Suburban,38.38,32,912000,0
1296,4,2.5,1,3,2571,2,10,10,10,0,0,Urban,38.21,2,889000,1
1695,3,3,39,2,2790,1,6,8,5,0,1,Suburban,44.42,44,497000,0
3007,2,1,14,1,11830,1,9,3,5,1,0,Rural,36.72,47,791000,0
4346,2,1.5,31,0,12023,1,1,1,3,0,1,Urban,46.46,92,728000,0
1651,5,2,38,2,12047,1,7,5,3,0,0,Suburban,17.3,53,612000,0
2487,6,2,5,1,3174,1,10,2,3,0,1,Suburban,25.66,109,890000,0
2731,4,1.5,0,2,13932,1,5,4,6,1,1,Urban,1.69,105,873000,0
3537,3,2,46,1,13469,1,8,1,4,0,0,Urban,1.34,,910000,1
3227,4,1.5,22,3,2178,2,7,9,3,0,1,Suburban,12.77,7,878000,1
2368,4,2,38,2,4244,1,4,6,2,0,0,Urban,5.94,4,643000,1
1756,3,3,16,1,6086,2,4,8,3,1,1,Urban,13.75,76,707000,0
3538,2,2,33,1,2734,1,6,4,,0,0,Suburban,9.68,1,738000,1
4298,4,1,40,2,8232,2,6,9,,1,1,Urban,2.4,2,1206000,1
2436,3,2,28,2,2798,2,9,2,4,1,1,Suburban,45.56,7,777000,1
2091,4,1,8,2,9601,1,5,9,8,1,0,Urban,1.4,6,872000,1
4448,3,3.5,12,1,10979,2,8,5,3,0,0,Suburban,37.07,55,1056000,0
2240,1,1.5,5,1,4795,1,5,6,3,0,0,Rural,8.46,5,645000,1
1991,2,2.5,5,0,14496,2,2,3,3,0,1,Suburban,45.7,3,540000,1
1866,3,4,19,2,6588,1,6,4,8,1,0,Suburban,44.75,6,670000,1
4427,5,3,2,0,9297,3,9,6,4,0,0,Urban,33.04,2,1177000,1
1084,2,2.5,16,2,5084,2,3,7,1,0,1,Suburban,33.94,38,467000,0
3244,5,3,48,2,13110,1,1,1,2,0,0,Urban,1.26,3,609000,1
811,3,4,11,3,2731,2,1,7,10,0,1,Urban,49.26,2,523000,1
2430,4,2.5,47,1,3129,1,3,1,2,0,0,Suburban,44.01,32,400000,0
4173,3,2.5,46,1,13638,2,10,5,3,0,0,Downtown,44.86,15,959000,0
4124,4,2.5,44,2,3605,2,5,6,6,0,1,Suburban,33.3,1,951000,1
3346,4,2,0,2,13970,2,3,2,8,1,0,Urban,17.89,142,939000,0
1553,3,2.5,16,1,12937,1,9,10,1,0,0,Rural,44.79,6,778000,1
2882,2,2,2,3,13362,2,8,9,9,0,1,Urban,15.28,2,828000,1
3574,5,1.5,25,2,14881,2,3,10,1,0,0,Rural,28.57,26,845000,0
3696,6,1.5,14,1,4933,1,9,6,10,0,1,Suburban,5.89,152,858000,0
889,1,1,35,1,11407,1,6,7,2,1,1,Suburban,46.18,2,456000,1
1575,4,2,31,2,10516,1,7,10,3,0,0,Suburban,7.9,118,691000,0
3452,5,1,31,2,7074,3,4,8,7,0,0,Downtown,12.02,18,1046000,0
3817,5,2.5,3,0,12042,1,4,10,9,0,1,Rural,28.35,48,1034000,0
2425,6,2,17,2,9099,2,2,1,3,1,0,Suburban,38.44,121,716000,0
3869,4,3,48,2,3490,1,5,8,8,0,0,Suburban,31.35,6,968000,1
1217,3,1,18,1,2893,1,8,4,9,1,1,Suburban,12.37,82,599000,0
914,3,1.5,42,2,3390,2,7,10,10,0,0,Suburban,1.05,1,497000,1
1416,3,2.5,34,3,5389,3,7,8,7,0,1,Rural,38.1,175,690000,0
4067,4,2.5,39,0,6239,2,6,6,4,0,0,Urban,49.28,5,762000,1
1625,4,1,13,1,6479,2,3,9,4,1,0,Suburban,40.69,4,644000,1
4372,3,3,32,2,4263,2,5,4,4,0,0,Downtown,23.55,157,938000,0
2449,5,3,13,3,5432,1,1,2,6,1,1,Downtown,45.28,7,754000,1
2316,4,2,33,3,4371,1,7,2,4,0,1,Urban,21.08,172,680000,0
3946,4,2,3,2,13278,2,9,5,5,0,1,Urban,26.72,18,1156000,0
1212,3,4,23,,6312,3,1,10,,0,0,Downtown,24.38,3,541000,1
4247,3,2.5,28,2,3515,2,2,9,7,1,0,Suburban,22.93,6,961000,1
4291,2,2,18,2,8326,1,3,3,8,0,0,Suburban,38.98,3,858000,1
1528,3,3,5,1,9088,1,3,8,5,1,0,Urban,26.81,6,609000,1
4148,2,2,32,1,7586,1,8,4,5,1,0,Rural,16.52,4,907000,1
3868,2,2,48,1,4917,3,7,6,7,1,1,Urban,13.65,7,874000,1
3608,3,2,39,2,7731,2,6,10,8,0,0,Urban,2.85,4,1092000,1
1475,3,3,18,0,9686,2,10,6,9,0,1,Urban,29.58,18,790000,0
4265,1,2.5,0,3,12544,1,10,3,2,1,0,Downtown,12.27,146,1149000,0
2692,4,2.5,4,1,3167,2,4,5,3,0,1,Suburban,8.26,1,874000,1
3304,3,2,26,1,10302,2,9,3,2,0,0,Rural,33.04,92,842000,0
3767,5,1.5,15,2,7109,1,1,1,10,0,0,Suburban,34.38,4,913000,1
3039,6,2,5,2,6327,2,2,7,7,0,0,Downtown,37.86,1,816000,1
3586,2,2.5,39,0,7810,1,4,4,2,0,0,Rural,25.68,55,650000,0
1922,3,2,12,1,5655,1,3,7,2,0,0,Rural,44.81,6,615000,1
2371,1,1,47,3,5793,2,1,3,2,0,0,Downtown,46.88,1,500000,1
1777,4,3,34,1,11947,2,5,5,4,0,0,Suburban,40.56,1,581000,1
1808,4,1,18,1,8738,2,7,5,1,0,1,Suburban,32.14,169,687000,0
2943,3,3.5,11,2,3577,2,2,2,2,0,1,Downtown,15.88,144,672000,0
2487,4,1,15,0,11488,1,5,10,3,0,1,Rural,49.16,84,785000,0
3510,3,2.5,42,2,13966,2,6,2,7,0,0,Suburban,14.43,1,677000,1
4061,2,1,9,1,4220,2,7,4,10,0,1,Urban,10.93,44,919000,0
836,4,3.5,24,1,11164,2,1,4,1,0,0,Suburban,22.67,1,382000,1
4240,3,2,19,1,3030,2,7,4,6,0,0,Suburban,3.79,176,976000,0
2348,4,1.5,30,0,,1,4,6,3,1,0,Urban,48.95,4,647000,1
3126,3,2,3,1,8691,1,8,2,3,0,0,Rural,29.83,54,715000,0
3064,6,1.5,43,0,5992,2,4,6,4,1,0,Suburban,28.29,3,903000,1
3714,2,1.5,22,2,14805,1,6,7,4,0,0,Suburban,33.13,149,1030000,0
1672,3,3.5,1,1,2913,2,9,10,7,0,0,Suburban,25.35,55,741000,0
2621,4,2,21,2,8358,1,5,3,3,0,1,Suburban,2.57,2,719000,1
2096,3,3,50,3,4181,1,4,8,8,0,1,Urban,31,7,727000,1
2909,6,2.5,36,2,5197,1,8,2,8,0,1,Suburban,36.09,3,1032000,1
1395,4,2.5,7,0,8040,3,9,8,7,0,1,Urban,21.42,53,814000,0
2703,4,1.5,6,3,,1,4,5,2,0,0,Urban,38.11,5,846000,1
1528,4,1.5,13,1,12570,2,3,2,,0,1,Urban,12.12,143,502000,0
2165,6,3,2,1,13646,2,8,7,6,0,1,Urban,11.84,5,828000,1
1196,5,4,49,2,9037,1,5,2,10,1,0,Suburban,8.91,3,511000,1
1498,4,2,15,2,13745,2,2,6,4,0,0,Suburban,19.23,1,572000,1
3890,4,2,18,2,11499,2,10,10,10,0,1,Downtown,42.5,8,1206000,0
3024,2,2,50,1,6994,2,9,3,5,0,0,Suburban,41.57,41,759000,0
2435,2,4,17,2,11381,2,3,9,9,0,1,Suburban,19.76,5,856000,1
1195,4,2,15,1,7308,1,2,3,7,1,0,Suburban,29.87,7,509000,1
3292,1,2,7,,8221,1,1,3,2,0,0,Rural,36.32,3,570000,1
4104,3,3,32,,9090,3,8,5,1,0,0,Suburban,12.82,17,944000,0
875,3,1,48,3,9769,1,3,7,2,1,0,Suburban,9.24,145,462000,0
1064,3,1,11,2,2687,2,7,8,3,0,1,Urban,48.63,5,518000,1
3302,4,2.5,10,2,6661,2,1,7,2,0,1,Suburban,31.26,7,721000,1
2619,5,3.5,4,2,11399,1,1,9,3,1,0,Suburban,49.09,3,816000,1
1517,2,1.5,26,2,3894,2,9,5,10,0,0,Suburban,17.55,1,578000,1
3582,3,2,11,1,9389,1,8,10,9,0,1,Rural,35.45,159,1007000,0
4255,5,2,16,1,6922,1,3,3,4,0,1,Urban,11.91,102,969000,0
4435,2,2,5,1,8322,1,6,6,9,0,0,Urban,13.8,118,996000,0
1650,4,2.5,32,3,12003,2,3,5,3,0,0,Suburban,26.08,112,606000,0
4377,3,2,4,2,5183,1,4,4,1,1,1,Rural,16.66,2,940000,1
2190,3,2,27,2,5797,2,1,2,5,0,1,Suburban,9.21,6,641000,1
943,6,2,13,1,7178,3,5,7,10,1,0,Suburban,13.88,170,625000,0
1684,3,2.5,4,1,11836,2,1,5,10,1,0,Urban,2.75,3,660000,1
3940,4,2,32,2,5968,2,1,4,2,0,1,Suburban,35.52,3,862000,1
3970,4,3,49,2,4716,2,10,8,4,0,1,Rural,25.11,96,1011000,0
1195,1,1,47,2,2190,1,7,9,2,0,0,Rural,5.62,13,379000,0
3896,4,3,40,3,3335,2,6,9,2,1,0,Urban,9.41,117,1045000,0
3795,6,3,18,1,10181,2,2,3,3,1,1,Suburban,6.02,119,939000,0
3738,2,2,21,2,14995,3,2,3,5,0,0,Suburban,31.02,164,878000,0
2292,5,2,4,2,13298,3,7,5,4,0,0,Urban,5.62,3,821000,1
4355,4,2,1,1,2378,2,1,5,2,0,0,Suburban,37.96,,814000,0
4436,4,1.5,29,1,14674,2,2,10,10,1,0,Suburban,2.01,5,1304000,1
4022,4,2,46,0,5829,2,8,2,2,0,1,Urban,13.22,143,793000,0
1967,3,1,38,3,8380,2,6,1,6,0,0,Rural,44.64,70,634000,0
3416,5,2,3,2,2615,2,2,8,7,1,1,Urban,36.21,2,853000,1
1862,5,3,32,2,4330,1,7,3,10,0,0,Downtown,4.58,2,676000,1
2956,4,2,12,3,3754,3,4,1,6,0,0,Rural,41.24,,726000,0
1865,4,3,19,2,2463,2,2,1,7,0,0,Suburban,25.16,25,479000,0
2009,4,2,6,1,11158,2,6,2,1,0,1,Urban,42.49,84,685000,0
3782,3,3,14,2,6267,2,9,6,6,0,1,Downtown,30.44,5,1209000,1
3245,4,2.5,22,2,5158,3,9,6,3,1,0,Rural,34.41,6,1009000,1
4094,4,1,13,2,5624,1,8,3,1,0,1,Urban,49.68,7,978000,1
1433,4,2.5,22,2,6938,2,3,4,8,0,1,Suburban,12.38,124,517000,0
1956,4,1,18,2,7417,2,3,2,4,0,1,Urban,31.57,1,600000,1
4034,3,2,28,1,8004,1,2,2,,0,0,Downtown,23.56,21,1013000,0
2038,1,3.5,19,2,10881,2,5,7,8,0,1,Rural,2.93,6,716000,1
1532,2,1.5,28,0,12814,2,4,1,10,1,0,Downtown,1.71,7,532000,1
1034,3,2,23,1,7603,2,7,7,4,1,0,Rural,6.84,141,550000,0
3505,4,2.5,17,1,4212,1,4,1,4,0,1,Suburban,32.81,5,747000,1
1550,4,3,9,0,8120,2,9,6,10,0,0,Urban,28.79,139,524000,0
3435,4,2.5,40,1,7818,2,2,3,4,0,0,Urban,28.12,146,747000,0
3880,3,2,7,2,,2,6,8,6,1,0,Urban,2.56,1,946000,1
3945,4,2.5,25,3,4256,1,7,6,9,0,1,Suburban,24,3,884000,1
1753,3,2,28,1,14002,3,4,2,5,1,1,Downtown,46.31,2,649000,1
3339,3,2.5,9,1,13695,2,6,8,10,0,0,Downtown,20.48,18,865000,0
3760,4,3.5,16,1,3412,2,7,5,8,1,1,Urban,31.62,106,997000,0
4124,5,2.5,1,1,11775,2,4,8,8,1,0,Suburban,39.21,15,1228000,0
4101,3,3,5,0,8146,1,8,8,4,1,0,Suburban,39.41,4,904000,1
2342,1,1,4,3,2371,2,9,6,10,0,1,Suburban,26.44,,714000,0
1997,2,2.5,27,1,7806,2,1,2,9,0,0,Suburban,43.04,72,495000,0
2476,1,3,40,2,7565,2,7,8,9,0,0,Suburban,20.18,100,866000,0
1991,4,1,4,0,10802,2,9,6,5,1,0,Downtown,44.55,4,644000,1
3017,3,3,17,3,10307,2,10,6,6,0,1,Suburban,12.77,7,1067000,1
2216,3,2,25,2,9437,1,5,8,5,1,0,Rural,14.73,7,774000,1
3793,3,2.5,19,3,2446,2,2,1,3,1,1,Urban,3.6,5,685000,1
3642,2,3,40,2,3391,1,10,2,8,0,1,Urban,39.98,2,1024000,1
3481,3,2.5,48,1,13516,1,6,9,9,1,0,Suburban,21.44,80,1037000,0
2017,3,1,26,1,3340,3,7,8,4,0,1,Rural,12.23,152,685000,0
2340,3,2.5,48,2,14702,2,2,7,9,0,0,Downtown,12.36,1,762000,1
2876,3,2,11,1,4939,2,2,7,9,0,0,Suburban,45.17,6,786000,1
4036,4,3.5,6,,13891,2,10,5,7,0,1,Rural,41.86,1,1194000,1
2245,2,2,2,0,7969,3,10,2,8,1,1,Suburban,28.12,2,805000,1
3186,6,2,9,0,11265,2,1,6,3,0,0,Urban,31.19,30,670000,0
2319,3,2.5,33,2,,2,4,10,5,0,0,Suburban,24.24,6,691000,1
2188,4,2,24,2,5569,1,7,3,3,0,0,Rural,20.19,6,706000,1
2656,4,2.5,34,2,7454,3,9,4,7,1,0,Urban,45.86,2,842000,1
2165,4,2.5,15,1,5150,2,3,10,6,0,0,Suburban,7.16,119,534000,0
1299,4,3,1,2,11797,2,7,2,3,1,0,Suburban,21.5,1,733000,1
2480,3,2.5,23,1,,1,7,2,9,0,1,Urban,17.88,6,783000,1
1310,3,2,9,0,6657,1,7,8,1,0,0,Downtown,25.41,3,517000,1
4198,3,1.5,37,2,8947,1,2,8,10,0,0,Suburban,23.42,67,1003000,0
1016,4,1.5,21,1,12486,1,6,10,3,0,1,Urban,26.43,59,661000,0
2124,1,1.5,25,1,9943,2,2,6,10,1,1,Urban,7.86,2,476000,1
1955,3,1.5,42,1,5662,1,6,5,7,0,0,Downtown,26.14,147,612000,0
2627,4,2.5,38,1,6482,1,10,8,3,1,0,Suburban,12.88,3,746000,1
3941,4,2.5,26,0,6797,1,3,4,3,0,1,Suburban,10.03,79,893000,0
4123,4,2,28,0,7068,1,2,4,2,0,0,Urban,4.18,3,823000,1
4286,4,3,46,1,7480,1,6,5,9,1,0,Rural,38.37,2,1075000,1
2610,6,4,37,0,10033,2,2,1,4,1,1,Suburban,21.94,2,655000,1
3292,3,3,19,2,2983,2,5,1,10,0,0,Suburban,31.71,67,662000,0
3723,3,2.5,26,1,7607,1,2,2,6,0,0,Downtown,36.65,1,715000,1
2005,3,2,40,1,10543,2,3,8,2,0,0,Urban,34.29,4,572000,1
3014,3,2,19,1,11916,2,3,7,9,0,0,Suburban,24.05,84,876000,0
890,4,1,43,2,12143,1,6,10,7,1,0,Urban,20.01,3,510000,1
1513,3,2,18,3,11471,2,6,9,10,1,1,Suburban,19.42,2,862000,1
2681,4,3.5,19,2,3907,2,10,5,5,0,0,Urban,32.36,5,816000,1
4402,3,3,34,2,8924,2,3,2,7,1,0,Downtown,25.24,168,1001000,0
838,4,1.5,46,2,,2,3,7,4,0,0,Suburban,42.61,5,375000,1
3997,4,2,1,2,10737,1,1,8,10,0,1,Suburban,43.86,4,979000,1
4322,3,3,29,2,6174,3,7,7,7,0,0,Rural,9.36,47,1191000,0
972,3,1,33,1,12573,2,8,7,2,0,0,Downtown,7.68,3,478000,1
1452,3,2,21,1,11080,3,2,5,7,0,1,Suburban,31.89,2,494000,1
1553,2,3,2,1,9265,1,4,2,4,0,0,Suburban,15.76,99,523000,0
2043,3,2,5,3,11297,3,10,6,4,0,0,Urban,1.91,95,1078000,0
1881,2,1,14,2,12741,2,7,4,1,0,0,Urban,44.54,148,562000,0
2483,3,2,26,2,3990,2,8,10,3,1,0,Suburban,12.12,92,1011000,0
3323,4,3,9,1,7596,1,1,2,5,0,0,Urban,46.53,1,831000,1
1255,4,2.5,8,2,5998,2,4,9,5,0,1,Suburban,36.15,6,584000,1
1628,4,1.5,32,1,5775,3,6,7,2,1,0,Urban,38.37,20,583000,0
1694,2,2,31,1,13004,2,3,6,4,1,0,Suburban,10.87,6,528000,1
2184,4,2,47,2,11112,2,5,5,1,1,0,Suburban,12.48,30,668000,0
2758,3,2.5,5,,6645,3,10,3,9,0,0,Urban,26.54,117,795000,0
3872,3,3,40,1,4061,2,9,10,1,0,0,Urban,9.43,4,988000,1
3234,5,1,35,2,6487,2,3,10,6,0,1,Suburban,15.97,1,988000,1
2796,1,3,1,1,13831,2,5,4,7,0,0,Suburban,16.75,3,744000,1
3195,4,1,28,3,13357,3,8,3,3,1,1,Suburban,8.82,152,967000,0
989,4,2,3,1,6435,1,6,8,1,0,0,Rural,11.05,5,433000,1
1304,3,1,0,1,4644,2,4,3,7,0,0,Urban,39.64,41,490000,0
2014,3,2,18,1,3045,2,8,7,3,0,0,Urban,9.19,119,712000,0
2331,3,2,25,1,13748,2,3,7,10,0,0,Urban,2.39,145,727000,0
4240,5,2,24,1,9951,2,3,7,6,1,0,Suburban,31.84,6,973000,1
4280,3,1.5,9,2,8449,3,4,7,6,0,0,Suburban,48.82,156,959000,0
1623,3,2.5,14,3,4681,3,9,2,,0,1,Urban,17.23,5,752000,1
1728,3,1,21,2,5199,1,5,10,6,0,0,Suburban,6.81,5,630000,1
1733,4,3,50,1,8768,2,8,3,10,0,0,Suburban,28.95,97,676000,0
1940,2,3.5,47,2,11130,1,6,10,4,0,0,Downtown,45.41,6,653000,1
933,3,2,20,1,9440,1,3,9,8,0,0,Suburban,39.42,87,501000,0
2905,4,2,21,0,10633,2,8,3,9,0,0,Suburban,31.5,37,899000,0
4427,5,2,35,2,4550,3,9,2,2,1,0,Suburban,16.44,166,1119000,0
1484,3,1,33,,6225,2,8,9,7,1,0,Downtown,27.55,140,789000,0
3519,3,2,29,0,2596,1,4,10,9,1,1,Downtown,5.47,2,951000,1
3020,3,3,24,0,8054,1,6,9,9,1,1,Suburban,34.27,23,1013000,0
2652,4,2.5,44,3,3505,2,1,4,5,0,0,Suburban,36.53,2,634000,1
1614,3,1.5,27,0,11053,2,4,9,1,0,0,Suburban,48.29,179,408000,0
1972,3,3,0,2,12832,1,8,3,6,0,1,Suburban,13.76,5,893000,1
879,4,2,48,2,8468,2,1,7,8,1,0,Suburban,1.9,7,454000,1
3733,4,3,44,1,9236,3,3,7,1,1,0,Urban,27.73,85,857000,0
4084,3,2.5,3,1,13923,2,1,8,2,1,0,Downtown,35.63,23,949000,0
1002,5,2.5,6,1,3551,2,9,10,1,0,0,Suburban,39.73,4,586000,1
3611,4,1.5,48,2,13428,1,2,4,5,1,0,Rural,10.49,7,843000,1
2052,3,1.5,8,2,11928,2,9,3,2,0,0,Suburban,13.83,22,701000,0
2499,1,4,35,2,8852,2,4,3,10,0,0,Suburban,26.12,6,771000,1
2050,6,1.5,18,3,3449,1,2,5,10,0,0,Suburban,17.2,144,636000,0
2482,2,4,0,2,7953,3,4,1,4,0,1,Suburban,43.17,7,677000,1
2355,3,2,9,2,10456,2,10,10,1,0,0,Suburban,24.21,51,785000,0
4312,2,1.5,35,2,10042,2,6,3,7,0,0,Suburban,40.18,27,984000,0
4273,4,1,8,2,4659,1,7,6,8,0,0,Rural,29.45,126,1068000,0
2894,3,1.5,44,2,9509,1,3,3,5,0,1,Urban,38.88,6,696000,1
2056,2,3.5,45,2,,1,3,5,2,1,1,Suburban,17.3,130,544000,0
4176,2,2,41,2,9445,2,10,9,8,0,1,Urban,41.74,7,948000,1
2349,2,2,31,0,4721,2,8,2,1,0,0,Rural,14.45,87,666000,0
1966,4,2,31,2,11654,1,5,2,7,1,1,Urban,27.76,3,785000,1
4286,4,1.5,5,1,14444,2,4,6,1,1,1,Suburban,11.49,3,949000,1
4384,3,2,47,1,11637,2,7,6,6,0,0,Urban,24.3,90,1186000,0
2196,3,1.5,37,0,12490,2,7,8,6,0,0,Suburban,16.59,38,736000,0
4437,4,3,16,2,4925,2,9,2,5,0,0,Rural,14.07,1,1102000,1
4130,1,2,9,2,11824,3,9,9,,0,1,Urban,48.38,2,1058000,1
3503,3,2,49,1,12566,2,5,2,2,0,0,Suburban,8.84,5,677000,1
1270,6,2,26,2,9104,2,8,1,9,1,0,Urban,39.58,75,723000,0
3818,4,2,49,2,8240,1,10,10,5,0,1,Suburban,49.22,5,969000,1
1835,3,4,34,1,2512,1,1,2,5,1,1,Suburban,1.98,180,473000,0
2153,3,2,20,2,2215,1,9,7,,1,1,Suburban,35.25,2,889000,1
3583,3,1,24,2,9299,2,8,8,6,1,1,Suburban,13.39,3,856000,1
3631,3,2.5,27,,13523,1,6,5,2,0,0,Suburban,2.98,136,775000,0
1767,2,1.5,46,2,12364,1,3,6,1,1,1,Urban,20.74,5,547000,1
1157,2,1,14,2,5153,2,3,1,5,0,0,Suburban,46.83,113,379000,0
3819,2,4,3,0,9450,1,8,6,4,0,1,Urban,1.58,8,1079000,0
4279,5,3,28,1,3706,1,5,8,3,0,0,Rural,29.81,82,934000,0
1467,4,4,8,0,12298,1,10,3,2,0,1,Rural,25.57,95,868000,0
1172,2,2,26,3,3567,2,7,1,10,1,1,Urban,43.8,5,572000,1
1831,2,2,25,1,12400,1,5,4,2,0,1,Urban,5.12,158,580000,0
1945,4,1.5,18,1,12523,2,8,1,4,0,0,Urban,34.39,178,610000,0
2171,2,1.5,27,3,12345,2,10,8,,0,0,Downtown,34.33,7,806000,1
3523,3,3,16,3,3128,2,10,5,4,0,1,Rural,33.78,67,1082000,0
889,6,2,42,2,5510,2,4,1,3,0,0,Suburban,47.17,1,413000,1
3545,3,3,40,0,14515,2,2,8,9,1,1,Suburban,41.33,3,750000,1
4187,4,2.5,41,0,9867,1,3,9,7,0,0,Urban,3.06,7,916000,1
4049,6,1.5,49,1,13845,1,8,10,3,0,1,Suburban,24.08,117,1124000,0
1339,3,2,19,1,4365,1,7,2,8,0,0,Suburban,20.5,26,568000,0
3579,1,2.5,44,0,7583,1,2,9,,0,1,Suburban,16.2,4,795000,1
1668,3,1.5,39,2,6897,1,6,8,7,0,1,Rural,23.12,1,672000,1
840,4,3,38,3,7718,1,9,7,6,0,0,Suburban,19.83,5,553000,1
1539,5,2,48,1,8001,2,4,3,4,1,0,Urban,22.18,140,604000,0
2746,4,1.5,22,2,13113,2,9,2,5,0,0,Suburban,48.98,79,911000,0
3349,2,2.5,46,2,6567,1,2,7,8,0,0,Suburban,5.34,,658000,1
3806,4,4,31,1,11271,2,2,5,3,0,0,Downtown,46.19,6,729000,1
4016,5,1.5,46,2,13703,1,9,6,2,1,1,Suburban,24.53,78,977000,0
2024,4,3,32,1,4741,1,7,4,3,0,0,Suburban,31.56,3,660000,1
1728,5,1.5,45,1,5020,2,7,2,7,0,0,Suburban,41.68,5,496000,1
2836,4,3,4,2,8256,1,1,9,8,1,0,Suburban,18.66,1,780000,1
3308,4,2.5,42,1,2228,1,6,3,1,0,0,Suburban,22.09,79,769000,0
3579,4,2,47,3,10362,2,7,7,7,0,0,Downtown,21.07,,966000,0
3599,3,2,33,1,2294,3,6,8,9,0,1,Suburban,19.36,81,973000,0
1724,2,3,39,2,6284,2,6,2,3,0,1,Urban,46.35,7,487000,1
3756,4,2,10,2,10617,1,2,6,3,0,0,Rural,41.62,80,882000,0
2381,3,2.5,49,1,8801,2,6,8,8,0,0,Urban,6.34,1,695000,1
4418,5,1.5,2,0,2918,2,4,7,4,0,1,Urban,6.3,4,990000,1
4124,6,3,32,2,13445,2,9,3,8,0,0,Suburban,21.97,76,1158000,0
1189,4,2.5,10,2,2498,2,1,1,5,0,0,Urban,5.83,2,409000,1
2417,2,3.5,15,2,4809,2,8,6,3,1,0,Downtown,31.34,69,796000,0
3730,3,1.5,17,2,6961,1,5,8,4,1,0,Suburban,8.04,4,879000,1
1055,2,2.5,29,2,11017,2,1,6,4,1,1,Suburban,26.6,,442000,1
1508,4,2.5,47,2,5779,2,4,5,8,0,1,Urban,1.35,51,587000,0
2638,4,2,9,2,12050,2,1,8,6,0,0,Urban,16.51,4,632000,1
2744,5,2,17,2,4118,2,6,2,7,0,0,Suburban,34.18,7,732000,1
3297,3,1,37,2,8391,3,2,1,9,0,1,Suburban,24.72,3,790000,1
809,5,2.5,18,2,2145,3,5,1,,1,1,Rural,48.94,6,431000,1
3671,5,2,35,,9942,2,7,4,,0,1,Urban,43.83,3,1029000,1
1597,3,1,12,2,6565,2,2,6,3,0,1,Suburban,18.59,5,594000,1
4113,5,2.5,45,2,13769,3,6,9,3,0,0,Urban,3.23,5,936000,1
4122,3,2,2,1,2192,1,6,1,10,0,1,Suburban,42.44,53,1088000,0
1676,3,1,9,0,7187,1,5,1,2,0,1,Suburban,45.65,4,474000,1
1828,4,3.5,37,1,8637,2,5,5,,0,0,Urban,41.21,88,579000,0
3990,3,3.5,0,2,14080,2,3,10,10,0,1,Suburban,7.27,3,1049000,1
1815,4,2,26,2,10243,2,10,5,1,1,0,Urban,49.9,105,799000,0
2624,4,1,45,1,4410,2,10,5,4,0,0,Suburban,13.67,12,820000,0
1173,4,3,7,2,3820,1,2,10,3,1,0,Suburban,36.49,7,467000,1
3936,3,2,50,3,4964,1,7,6,5,1,0,Urban,45.49,4,838000,1
2993,3,2,45,1,4521,2,1,8,9,0,0,Downtown,12.55,2,587000,1
1023,4,2,41,3,12061,1,6,3,8,1,0,Suburban,45.5,160,555000,0
2062,3,2,16,3,4568,1,6,9,9,0,0,Downtown,16.16,3,791000,1
3024,3,2.5,8,2,7882,1,3,1,5,1,0,Urban,48.84,2,769000,1
2602,1,2,5,2,3867,1,2,4,8,0,0,Downtown,14.78,53,628000,0
1652,4,2.5,42,3,9465,2,2,9,4,0,0,Urban,47.72,6,474000,1
4153,2,3.5,24,2,9602,1,9,8,5,0,1,Suburban,3.62,30,1056000,0
862,4,2,38,1,12930,2,5,10,3,0,0,Downtown,35.75,169,540000,0
2040,4,2.5,48,2,13461,1,7,9,5,1,0,Urban,27.07,101,722000,0
3674,3,3,27,2,5199,2,5,1,3,0,1,Urban,24.42,121,864000,0
3642,3,2,32,2,12771,1,7,9,5,0,1,Rural,11.95,41,901000,0
1488,6,2,36,1,8103,2,4,3,5,0,1,Suburban,35.57,167,556000,0
2284,4,2.5,8,2,14197,2,8,10,6,1,0,Suburban,10.35,124,891000,0
2433,5,2.5,17,0,2240,1,10,9,9,0,0,Urban,28.09,2,944000,1
2952,4,3,20,3,5440,2,10,1,1,0,1,Suburban,13.41,16,981000,0
3970,2,2,1,1,6631,2,7,1,10,0,0,Urban,47.83,46,901000,0
1310,2,4,42,1,11599,2,10,9,6,1,0,Downtown,2.4,142,731000,0
1184,3,1,37,2,13694,1,5,6,1,0,0,Suburban,10.79,117,458000,0
1204,3,1,39,0,14230,3,6,4,6,0,1,Suburban,12.87,7,472000,1
3670,3,2.5,35,2,10274,2,5,7,2,0,0,Urban,21.29,143,808000,0
1317,3,2,49,3,7077,1,7,5,8,1,1,Rural,12.4,7,658000,1
1275,3,1.5,42,2,5768,1,2,10,3,0,1,Suburban,25.08,3,469000,1
2800,4,2,36,1,11142,2,5,7,10,0,0,Rural,43.75,7,799000,1
3556,4,2,14,1,9995,2,10,8,6,0,1,Urban,35.89,25,1036000,0
2468,3,1,27,2,10802,2,3,8,6,1,1,Rural,29.42,6,819000,1
2693,4,4,17,3,14861,2,9,1,4,1,1,Suburban,5.36,1,984000,1
3618,3,1.5,33,2,8429,2,6,8,5,0,0,Urban,35.01,89,967000,0
2260,5,2.5,21,2,5605,1,10,6,,0,1,Suburban,9.15,5,693000,1
3894,2,3,10,1,14746,1,3,4,10,0,0,Urban,39.53,23,547000,0
3844,6,3.5,12,3,13475,2,7,8,10,0,1,Suburban,13.25,28,1234000,0
4436,4,1,3,2,4173,3,4,3,8,0,0,Suburban,21.44,145,867000,0
3524,3,3,21,1,13676,1,3,4,10,0,0,Suburban,18.17,113,840000,0
1513,2,2,6,1,11714,2,8,6,7,0,1,Suburban,43.08,3,663000,1
4329,3,2.5,42,3,8568,2,4,7,10,1,1,Suburban,7.2,7,1277000,1
882,2,2.5,23,0,4601,2,1,4,6,0,0,Urban,28.72,130,307000,0
1968,2,3,3,1,4657,2,6,4,7,0,0,Rural,7.96,143,679000,0
3956,4,2,27,2,8080,2,10,7,1,0,0,Downtown,35.53,118,1127000,0
3949,3,2.5,14,1,9325,1,1,6,5,0,1,Suburban,45.35,3,868000,1
3304,4,2,0,0,4159,3,5,8,7,0,1,Urban,22.3,4,872000,1
2701,5,3,2,2,12641,2,7,1,1,0,1,Suburban,24.92,5,935000,1
2848,3,4,13,3,5830,2,6,10,2,0,0,Suburban,46.44,2,746000,1
850,4,1.5,37,2,10313,2,2,7,9,1,0,Suburban,26.53,47,487000,0
1484,2,4,49,3,6368,2,4,7,3,1,1,Suburban,24.89,1,493000,1
1516,4,1,0,2,3317,1,2,7,6,0,1,Urban,29.34,144,551000,0
2269,3,1,37,2,,1,1,7,7,0,0,Rural,34.77,4,556000,1
1248,6,1,37,1,12710,2,3,10,9,0,1,Suburban,6.24,6,722000,1
1680,4,2,20,2,3230,1,3,10,5,0,0,Urban,41.23,88,465000,0
1287,3,2.5,47,3,3133,1,7,8,4,0,0,Urban,22.34,179,520000,0
2623,2,1,28,1,9607,2,1,9,2,1,0,Suburban,4.55,150,707000,0
2881,5,1,4,1,3301,2,9,9,3,1,0,Suburban,39.52,77,945000,0
4219,4,3.5,48,2,14226,1,6,2,5,1,0,Suburban,19.47,135,1033000,0
2942,2,3,9,1,3910,2,4,7,2,0,0,Downtown,5.92,133,672000,0
3943,3,3,27,0,10082,2,3,7,4,1,0,Urban,32.06,68,840000,0
2374,4,3,20,2,10107,2,3,4,1,1,1,Downtown,44.13,87,772000,0
3001,2,2.5,49,3,11697,2,2,9,4,0,0,Suburban,44.5,128,709000,0
1049,5,1.5,6,2,9970,2,2,8,7,0,0,Suburban,47.93,7,518000,1
1473,3,2,2,,13377,1,10,1,3,1,0,Rural,43.52,6,637000,1
1237,2,2.5,44,0,3916,1,5,2,10,0,0,Suburban,1.1,84,386000,0
2965,4,2,46,3,8996,2,9,2,8,0,1,Suburban,19.63,7,999000,1
1570,3,2.5,19,2,13740,2,2,8,6,0,0,Rural,41.11,133,586000,0
4177,3,1,18,1,4757,2,2,1,6,0,1,Suburban,18.95,29,1045000,0
1067,2,2,34,2,12148,2,6,4,1,0,1,Suburban,30.48,90,441000,0
2784,1,2,3,1,8464,2,10,10,5,1,0,Rural,30.71,174,1016000,0
1877,4,2.5,4,2,2178,2,2,5,3,0,0,Suburban,18.89,,479000,1
